CityName,CityID,Longitude,Latitude ,Budget,φ1 ,φ2,φ3,φ4,θ1,θ2,θ3,θ4,θ Satisfy Flag,φ Satisfy Flag ,g satisfy flag ,TotFilterFlags,Segmentation,,Expected cities.csv columns,,,,,,
New York[c],1,40.7128 N,74.006 W,"$6,680,000,000.00",1,1,0,0,1,1,1,0,2,3,1,6,#NAME?,,,,,,,,
Los Angeles,2,34.0522 N,118.2437 W,"$5,665,000,000.00",1,0,0,1,1,1,1,0,2,3,1,6,#NAME?,,(You can rename columns or adjust prefixes in the script.),,,,,,
Chicago,3,41.8781 N,87.6298 W,"$6,300,000,000.00",1,1,0,1,1,1,1,0,3,3,1,7,#NAME?,,,,,,,,
Houston,4,29.7604 N,95.3698 W,"$5,335,000,000.00",1,1,1,0,1,1,1,1,3,4,1,8,#NAME?,,CityID (optional) — unique id or will use row index,,,,,,
Phoenix,5,33.4484 N,112.074 W,"$5,335,000,000.00",1,1,1,0,1,1,1,1,3,4,1,8,#NAME?,,,,,,,,
Philadelphia[d],6,39.9526 N,75.1652 W,"$5,410,000,000.00",1,1,0,1,1,1,1,1,3,4,1,8,#NAME?,,CityName (optional) — printable name,,,,,,
San Antonio,7,29.4241 N,98.4936 W,"$5,175,000,000.00",1,1,1,0,1,1,1,1,3,4,1,8,#NAME?,,,,,,,,
San Diego,8,32.7157 N,117.1611 W,"$5,620,000,000.00",1,0,0,1,1,1,1,0,2,3,1,6,#NAME?,,"Latitude, Longitude — floats (degrees)",,,,,,
Dallas,9,32.7767 N,96.797 W,"$5,335,000,000.00",1,1,0,0,1,1,1,1,2,4,1,7,#NAME?,,,,,,,,
Jacksonville[e],10,30.3322 N,81.6556 W,"$5,075,000,000.00",1,1,1,0,1,1,1,1,3,4,1,8,#NAME?,,StadiumCost — numeric ,,,,,,
Fort Worth,11,32.7555 N,97.3308 W,"$5,175,000,000.00",1,1,1,0,1,1,1,1,3,4,1,8,#NAME?,,,,,,,,
San Jose,12,37.3382 N,121.8863 W,"$5,560,000,000.00",1,0,1,1,1,1,1,0,3,3,1,7,#NAME?,,NPV — numeric,,,,,,
Austin,13,30.2672 N,97.7431 W,"$5,270,000,000.00",1,1,0,0,1,1,1,1,2,4,1,7,#NAME?,,,,,,,,
Charlotte,14,35.2271 N,80.8431 W,"$5,270,000,000.00",1,1,1,0,1,1,1,1,3,4,1,8,#NAME?,,φ -- Population  Parameters— Binary 1/0 ,,,,,,
Columbus,15,39.9612 N,82.9988 W,"$5,175,000,000.00",1,1,1,1,1,1,1,1,4,4,1,9,#NAME?,,,​,,,,,
Indianapolis[f],16,39.7684 N,86.158 W,"$5,175,000,000.00",1,1,0,1,1,1,1,1,3,4,1,8,#NAME?,,θ -- Economic Parameters -- Binary ,,,,,,
San Francisco[g],17,37.7749 N,122.4194 W,"$6,565,000,000.00",1,0,1,1,1,1,1,0,3,3,1,7,#NAME?,,,,,,,,
Seattle,18,47.6062 N,122.3321 W,"$5,535,000,000.00",1,0,1,1,1,1,1,1,3,4,1,8,#NAME?,,φ_Satisfy_Flag -- binary,,,,,,
Denver[h],19,39.7392 N,104.9903 W,"$5,435,000,000.00",1,1,1,1,1,1,1,1,4,4,1,9,#NAME?,,,,,,,,
Oklahoma City,20,35.4676 N,97.5164 W,"$5,075,000,000.00",1,1,1,0,1,1,1,1,3,4,1,8,#NAME?,,θ_Satisfy_Flag -- binary,,,,,,
Nashville[i],21,36.1627 N,86.7816 W,"$5,175,000,000.00",1,1,1,1,1,1,1,1,4,4,1,9,#NAME?,,,,,,,,
Washington[j],22,38.9072 N,77.0369 W,"$5,750,000,000.00",1,1,1,0,1,1,1,0,3,3,1,7,#NAME?,,g_Satisfy_Flag -- binary,,,,,,
El Paso,23,31.7619 N,106.485 W,"$5,025,000,000.00",1,1,0,0,1,0,0,1,2,2,1,5,,,,,,,,,
Las Vegas,24,36.1716 N,115.1391 W,"$5,250,000,000.00",1,1,1,0,1,1,1,1,3,4,1,8,#NAME?,,Tot_Filter_Flags -- integer (0-3),,,,,,
Boston,25,42.3601 N,71.0589 W,"$5,850,000,000.00",1,1,1,1,1,1,1,0,4,3,1,8,#NAME?,,,​,,,,,
i n,26,42.3314 N,83.0458 W,"$5,025,000,000.00",1,1,1,0,1,1,1,1,3,4,1,8,#NAME?,,Segmentation -- string,,,,,,
Louisville[k],27,38.2527 N,85.7585 W,"$5,075,000,000.00",1,1,1,0,1,1,0,1,3,3,1,7,#NAME?,,,,,,,,
Portland,28,45.5051 N,122.675 W,"$5,270,000,000.00",1,1,0,1,1,1,1,1,3,4,1,8,#NAME?,,Optional: ,,,,,,
Memphis,29,35.1495 N,90.049 W,"$4,920,000,000.00",1,1,0,1,1,1,1,1,3,4,1,8,#NAME?,,,,,,,,
Baltimore[l],30,39.2904 N,76.6122 W,"$5,150,000,000.00",1,1,0,1,1,1,1,1,3,4,1,8,#NAME?,,Vc_flag — 1 if a city should be treated as a market to be covered (defaults to all cities),,,,,,
Milwaukee,31,43.0389 N,87.9065 W,"$5,025,000,000.00",1,1,0,1,1,1,1,1,3,4,1,8,#NAME?,,,,,,,,
Albuquerque,32,35.0853 N,106.6056 W,"$4,920,000,000.00",1,1,0,0,0,0,0,1,2,1,1,4,,,CityID mapping used in separation.csv if you supply it,,,,,,
Tucson,33,32.2217 N,110.9265 W,"$5,025,000,000.00",1,1,0,0,1,0,0,1,2,2,1,5,,,,,,,,,
Fresno,34,36.7468 N,119.7726 W,"$5,025,000,000.00",1,0,0,1,1,0,0,1,2,2,1,5,,,"separation.csv (optional) — two columns i,k with either CityID values or integer indices (row numbers).",,,,,,
Sacramento,35,38.5816 N,121.4944 W,"$5,175,000,000.00",1,0,1,1,1,1,1,1,3,4,1,8,#NAME?,,,,,,,,
Atlanta,36,33.749 N,84.388 W,"$5,335,000,000.00",1,1,1,0,1,1,1,1,3,4,1,8,#NAME?,,,,,,,,
Mesa,37,33.4152 N,111.8315 W,"$5,175,000,000.00",1,1,0,0,1,0,0,1,2,2,1,5,,,,,,,,,
Kansas City,38,39.0997 N,94.5786 W,"$5,175,000,000.00",1,1,0,1,1,1,1,1,3,4,1,8,#NAME?,,,,,,,,
Raleigh,39,35.7796 N,78.6382 W,"$5,175,000,000.00",0,1,1,0,1,1,1,1,2,4,1,7,#NAME?,,,,,,,,
Colorado Springs,40,38.8339 N,104.8214 W,"$5,075,000,000.00",0,1,0,1,1,1,0,1,2,3,1,6,#NAME?,,,,,,,,
Omaha,41,41.2565 N,95.9345 W,"$5,075,000,000.00",0,1,0,1,1,1,0,1,2,3,1,6,#NAME?,,,,,,,,
Miami,42,25.7617 N,80.1918 W,"$5,435,000,000.00",0,1,1,0,1,1,1,1,2,4,1,7,#NAME?,,,,,,,,
Virginia Beach[l],43,36.8529 N,75.978 W,"$5,075,000,000.00",0,1,0,1,1,1,0,1,2,3,1,6,#NAME?,,,,,,,,
Long Beach,44,33.7701 N,118.1937 W,"$5,270,000,000.00",0,0,0,1,1,0,0,1,1,2,1,4,,,,,,,,,
Oakland,45,37.8044 N,122.2712 W,"$5,270,000,000.00",0,0,0,1,1,0,1,1,1,3,1,5,,,,,,,,,
Minneapolis,46,44.9778 N,93.265 W,"$5,175,000,000.00",0,1,0,1,1,1,1,1,2,4,1,7,#NAME?,,,,,,,,
Bakersfield,47,35.3733 N,119.0187 W,"$4,920,000,000.00",0,0,0,1,1,0,0,1,1,2,1,4,,,,,,,,,
Tulsa,48,36.154 N,95.9928 W,"$4,920,000,000.00",0,1,0,0,1,0,0,1,1,2,1,4,,,,,,,,,
Tampa,49,27.9475 N,82.4586 W,"$5,175,000,000.00",0,1,1,0,1,1,1,1,2,4,1,7,#NAME?,,,,,,,,
Arlington,50,32.7357 N,97.1082 W,"$5,175,000,000.00",0,1,0,0,1,0,1,1,1,3,1,5,,,,,,,,,
Aurora,51,39.7294 N,104.8319 W,"$5,075,000,000.00",0,1,1,1,1,0,0,1,3,2,1,6,#NAME?,,,,,,,,
Wichita,52,37.6872 N,97.3301 W,"$4,920,000,000.00",0,1,0,1,1,0,0,1,2,2,1,5,,,,,,,,,
Cleveland,53,41.4993 N,81.6944 W,"$5,175,000,000.00",0,1,0,1,1,1,1,1,2,4,1,7,#NAME?,,,,,,,,
New Orleans[m],54,29.9511 N,90.0715 W,"$5,075,000,000.00",0,1,0,0,1,1,1,1,1,4,1,6,#NAME?,,,,,,,,
Henderson,55,36.0396 N,114.9818 W,"$5,150,000,000.00",0,1,1,0,1,0,0,1,2,2,1,5,,,,,,,,,
Honolulu[n],56,21.3069 N,157.8583 W,"$5,150,000,000.00",1,0,0,1,1,1,0,1,2,3,1,6,#NAME?,,,,,,,,
Anaheim,57,33.8366 N,117.9143 W,"$5,250,000,000.00",0,0,0,1,1,0,1,1,1,3,1,5,,,,,,,,,
Orlando,58,28.5383 N,81.3792 W,"$5,175,000,000.00",0,1,1,0,1,1,1,1,2,4,1,7,#NAME?,,,,,,,,
Lexington[o],59,38.0406 N,84.5037 W,"$5,075,000,000.00",0,1,1,0,1,0,0,1,2,2,1,5,,,,,,,,,
Stockton,60,37.9577 N,121.2908 W,"$4,920,000,000.00",0,0,0,1,1,0,0,1,1,2,1,4,,,,,,,,,
Riverside,61,33.9806 N,117.3755 W,"$5,175,000,000.00",0,0,0,1,1,1,0,1,1,3,1,5,,,,,,,,,
Irvine,62,33.6846 N,117.8265 W,"$4,905,080,459.77",0,0,1,1,1,0,0,1,2,2,1,5,,,,,,,,,
Corpus Christi,63,27.8006 N,97.3964 W,"$4,920,000,000.00",0,1,0,0,1,0,0,1,1,2,1,4,,,,,,,,,
Newark,64,40.7357 N,74.1724 W,"$5,250,000,000.00",0,1,1,1,1,0,1,1,3,3,1,7,#NAME?,,,,,,,,
Santa Ana,65,33.7455 N,117.8677 W,"$5,250,000,000.00",0,0,1,1,1,0,0,1,2,2,1,5,,,,,,,,,
Cincinnati,66,39.1031 N,84.512 W,"$5,075,000,000.00",0,1,0,1,1,1,1,1,2,4,1,7,#NAME?,,,,,,,,
Pittsburgh,67,40.4406 N,79.9959 W,"$5,075,000,000.00",0,1,0,1,1,1,1,1,2,4,1,7,#NAME?,,,,,,,,
Saint Paul,68,44.9537 N,93.09 W,"$5,025,000,000.00",0,1,0,1,1,0,1,1,2,3,1,6,#NAME?,,,,,,,,
Greensboro,69,36.0726 N,79.792 W,"$5,075,000,000.00",0,1,1,0,1,0,0,1,2,2,1,5,,,,,,,,,
Jersey City,70,40.7282 N,74.0776 W,"$5,250,000,000.00",0,1,1,1,1,0,0,1,3,2,1,6,#NAME?,,,,,,,,
Durham,71,35.994 N,78.8986 W,"$5,025,000,000.00",0,1,1,0,1,0,0,1,2,2,1,5,,,,,,,,,
Lincoln,72,40.8136 N,96.7026 W,"$5,075,000,000.00",0,1,1,1,1,0,0,1,3,2,1,6,#NAME?,,,,,,,,
North Las Vegas,73,36.1989 N,115.1198 W,"$5,025,000,000.00",0,1,1,0,1,0,0,1,2,2,1,5,,,,,,,,,
Plano,74,33.0194 N,96.7135 W,"$5,175,000,000.00",0,1,0,0,1,0,0,1,1,2,1,4,,,,,,,,,
Anchorage[p],75,61.2181 N,149.9003 W,"$4,805,000,000.00",0,1,0,1,1,0,0,1,2,2,1,5,,,,,,,,,
Gilbert,76,33.3528 N,111.789 W,"$5,175,000,000.00",0,1,0,0,1,0,0,1,1,2,1,4,,,,,,,,,
Madison,77,43.0731 N,89.4012 W,"$5,075,000,000.00",0,1,1,1,1,0,0,1,3,2,1,6,#NAME?,,,,,,,,
Reno,78,39.5296 N,119.8138 W,"$5,075,000,000.00",0,1,1,0,1,0,0,1,2,2,1,5,,,,,,,,,
Chandler,79,33.306 N,111.8413 W,"$5,175,000,000.00",0,1,0,0,1,0,0,1,1,2,1,4,,,,,,,,,
St. Louis[l],80,38.627 N,90.1994 W,"$4,905,080,459.77",0,1,0,1,1,1,1,1,2,4,1,7,#NAME?,,,,,,,,
Chula Vista,81,32.6401 N,117.0841 W,"$5,150,000,000.00",0,0,0,1,1,0,0,1,1,2,1,4,,,,,,,,,
Buffalo,82,42.8864 N,78.8784 W,"$5,025,000,000.00",0,1,0,0,1,0,1,1,1,3,1,5,,,,,,,,,
Fort Wayne,83,41.0793 N,85.1394 W,"$4,920,000,000.00",0,1,1,1,1,0,0,1,3,2,1,6,#NAME?,,,,,,,,
Lubbock,84,33.5779 N,101.8552 W,"$4,805,000,000.00",0,1,1,0,1,0,0,1,2,2,1,5,,,,,,,,,
St. Petersburg,85,27.7676 N,82.6403 W,"$5,025,000,000.00",0,1,0,0,1,0,1,1,1,3,1,5,,,,,,,,,
Toledo,86,41.6639 N,83.5552 W,"$4,805,000,000.00",0,1,0,1,1,0,0,1,2,2,1,5,,,,,,,,,
Laredo,87,27.5256 N,99.4803 W,"$4,805,000,000.00",0,1,0,0,1,0,0,1,1,2,1,4,,,,,,,,,
Port St. Lucie,88,27.2934 N,80.3687 W,"$4,920,000,000.00",0,1,1,0,1,0,0,1,2,2,1,5,,,,,,,,,
Glendale,89,33.5382 N,112.1864 W,"$5,025,000,000.00",0,1,1,0,1,0,0,1,2,2,1,5,,,,,,,,,
Irving,90,32.814 N,96.9489 W,"$5,150,000,000.00",0,1,0,0,1,0,0,1,1,2,1,4,,,,,,,,,
Winston-Salem,91,36.1009 N,80.2442 W,"$4,920,000,000.00",0,1,0,0,1,0,0,1,1,2,1,4,,,,,,,,,
Chesapeake[l],92,36.79 N,76.24 W,"$4,920,000,000.00",0,1,0,1,1,0,0,1,2,2,1,5,,,,,,,,,
Garland,93,32.9126 N,96.6389 W,"$5,025,000,000.00",0,1,1,0,1,0,0,1,2,2,1,5,,,,,,,,,
Scottsdale,94,33.4942 N,111.9261 W,"$5,150,000,000.00",0,1,0,0,1,0,0,1,1,2,1,4,,,,,,,,,
Boise[q],95,43.615 N,116.2024 W,"$4,920,000,000.00",0,1,0,1,1,0,0,1,2,2,1,5,,,,,,,,,
Hialeah,96,25.867 N,80.297 W,"$5,025,000,000.00",0,1,1,0,1,0,0,1,2,2,1,5,,,,,,,,,
Frisco,97,33.1009 N,96.8437 W,"$5,150,000,000.00",0,1,1,0,1,0,1,1,2,3,1,6,#NAME?,,,,,,,,
Richmond[l],98,37.5407 N,77.436 W,"$5,025,000,000.00",0,1,1,1,1,0,0,1,3,2,1,6,#NAME?,,,,,,,,
Cape Coral,99,26.6667 N,81.9967 W,"$4,920,000,000.00",0,1,1,0,1,0,0,1,2,2,1,5,,,,,,,,,
Norfolk[l],100,36.8508 N,76.2859 W,"$4,920,000,000.00",0,1,0,1,1,0,0,1,2,2,1,5,,,,,,,,,
Jakarta,101,6.2088 S,106.8456 E,"$3,650,000,000.00",1,1,0,1,0,1,0,1,3,2,1,6,#NAME?,,,,,,,,
Dhaka,102,23.8103 N,90.4125 E,"$3,650,000,000.00",1,1,1,1,0,1,0,1,4,2,1,7,#NAME?,,,,,,,,
Tokyo,103,35.6895 N,139.6917 E,"$6,380,000,000.00",1,0,0,1,0,1,1,0,2,2,1,5,,,,,,,,,
Delhi,104,28.7041 N,77.1025 E,"$3,650,000,000.00",1,1,0,1,1,1,1,1,3,4,1,8,#NAME?,,,,,,,,
Shanghai,105,31.2304 N,121.4737 E,"$6,340,000,000.00",1,1,0,1,1,1,1,0,3,3,1,7,#NAME?,,,,,,,,
Guangzhou,106,23.1319 N,113.2668 E,"$5,620,000,000.00",1,1,0,1,1,1,0,1,3,3,1,7,#NAME?,,,,,,,,
Cairo,107,30.0333 N,31.2333 E,"$3,650,000,000.00",1,1,1,0,1,1,0,1,3,3,1,7,#NAME?,,,,,,,,
Manila,108,14.5995 N,120.9842 E,"$3,650,000,000.00",1,1,0,0,0,1,0,1,2,2,1,5,,,,,,,,,
Kolkata,109,22.5726 N,88.3639 E,"$3,650,000,000.00",0,1,0,1,1,1,1,1,2,4,1,7,#NAME?,,,,,,,,
Seoul,110,37.5665 N,126.978 E,"$6,340,000,000.00",1,0,0,1,0,1,1,0,2,2,1,5,,,,,,,,,
Karachi,111,24.86 N,67.01 E,"$3,650,000,000.00",1,1,1,0,0,1,0,1,3,2,1,6,#NAME?,,,,,,,,
Mumbai,112,19.076 N,72.8777 E,"$3,650,000,000.00",1,1,0,1,1,1,1,1,3,4,1,8,#NAME?,,,,,,,,
São Paulo,113,23.5505 S,46.6333 W,"$5,075,000,000.00",1,0,0,1,0,1,1,1,2,3,1,6,#NAME?,,,,,,,,
Bangkok,114,13.7563 N,100.5018 E,"$3,837,000,000.00",1,1,0,1,0,1,0,1,3,2,1,6,#NAME?,,,,,,,,
Mexico City,115,19.4326 N,99.1332 W,"$5,175,000,000.00",1,1,0,0,0,1,1,1,2,3,1,6,#NAME?,,,,,,,,
Beijing,116,39.9042 N,116.4074 E,"$5,620,000,000.00",1,1,0,1,1,1,1,1,3,4,1,8,#NAME?,,,,,,,,
Lahore,117,31.5497 N,74.3436 E,"$3,650,000,000.00",0,1,1,0,0,1,0,1,2,2,1,5,,,,,,,,,
Istanbul,118,41.0082 N,28.9784 E,"$4,980,000,000.00",1,0,0,0,0,1,1,1,1,3,1,5,,,,,,,,,
Moscow,119,55.7558 N,37.6173 E,"$5,270,000,000.00",0,1,0,0,0,1,1,1,1,3,1,5,,,,,,,,,
Ho Chi Minh City,120,10.8231 N,106.6297 E,"$3,837,000,000.00",0,1,0,1,1,1,0,1,2,3,1,6,#NAME?,,,,,,,,
Buenos Aires,121,34.6037 S,58.3816 W,"$4,980,000,000.00",1,1,0,1,0,1,1,1,3,3,1,7,#NAME?,,,,,,,,
Shenzhen,122,22.5431 N,114.0578 E,"$5,620,000,000.00",1,1,0,1,1,1,0,1,3,3,1,7,#NAME?,,,,,,,,
Bengaluru,123,12.9716 N,77.5946 E,"$3,650,000,000.00",0,1,0,1,1,1,1,1,2,4,1,7,#NAME?,,,,,,,,
Osaka,124,34.6937 N,135.5023 E,"$5,520,000,000.00",1,0,0,1,0,1,1,1,2,3,1,6,#NAME?,,,,,,,,
Lagos,125,6.5244 N,3.3792 E,"$3,650,000,000.00",1,1,1,0,1,1,0,1,3,3,1,7,#NAME?,,,,,,,,
Luanda,126,8.8383 S,13.2344 E,"$3,650,000,000.00",0,1,1,0,1,1,0,1,2,3,1,6,#NAME?,,,,,,,,
Chennai,127,13.0827 N,80.2707 E,"$3,650,000,000.00",0,1,0,1,1,1,1,1,2,4,1,7,#NAME?,,,,,,,,
Kinshasa,128,4.4419 S,15.2663 E,"$3,650,000,000.00",1,1,1,0,1,1,0,1,3,3,1,7,#NAME?,,,,,,,,
Bogotá,129,4.711 N,74.0721 W,"$4,980,000,000.00",0,1,0,0,0,1,0,1,1,2,1,4,,,,,,,,,
Lima,130,12.0464 S,77.0428 W,"$4,980,000,000.00",0,0,0,0,0,1,0,1,0,2,1,3,,,,,,,,,
London,131,51.5074 N,0.1278 W,"$5,945,000,000.00",0,0,0,0,0,1,1,0,0,2,1,3,,,,,,,,,
Rio de Janeiro,132,22.9068 S,43.1729 W,"$5,075,000,000.00",0,0,0,1,0,1,1,1,1,3,1,5,,,,,,,,,
Paris,133,48.8566 N,2.3522 E,"$5,535,000,000.00",0,0,0,0,0,1,1,0,0,2,1,3,,,,,,,,,
Hyderabad,134,17.385 N,78.4867 E,"$3,650,000,000.00",0,1,0,1,1,1,1,1,2,4,1,7,#NAME?,,,,,,,,
Tehran,135,35.6892 N,51.389 E,"$3,650,000,000.00",0,1,0,0,0,1,0,1,1,2,1,4,,,,,,,,,
Bandung,136,6.9175 S,107.6191 E,"$3,650,000,000.00",0,1,0,1,0,1,0,1,2,2,1,5,,,,,,,,,
Kuala Lumpur,137,3.139 N,101.6869 E,"$4,905,080,459.77",0,1,1,1,0,1,0,1,3,2,1,6,#NAME?,,,,,,,,
Dar es Salaam,138,6.8235 S,39.2695 E,"$4,905,080,459.77",0,0,1,0,1,1,0,1,1,3,1,5,,,,,,,,,
Suzhou,139,31.3 N,120.6 E,"$5,175,000,000.00",0,1,0,1,1,1,0,1,2,3,1,6,#NAME?,,,,,,,,
Ahmedabad,140,23.0225 N,72.5714 E,"$3,650,000,000.00",0,1,0,1,1,1,1,1,2,4,1,7,#NAME?,,,,,,,,
Hangzhou,141,30.2741 N,120.1551 E,"$5,175,000,000.00",0,1,0,1,1,1,0,1,2,3,1,6,#NAME?,,,,,,,,
Wuhan,142,30.5928 N,114.3055 E,"$5,075,000,000.00",0,1,0,1,1,1,0,1,2,3,1,6,#NAME?,,,,,,,,
Tianjin,143,39.3434 N,117.3616 E,"$5,075,000,000.00",0,1,0,1,1,1,0,1,2,3,1,6,#NAME?,,,,,,,,
Alexandria,144,31.2001 N,29.9187 E,"$3,650,000,000.00",0,1,1,0,1,1,0,1,2,3,1,6,#NAME?,,,,,,,,
Nagoya,145,35.1815 N,136.9062 E,"$5,270,000,000.00",0,0,0,1,0,1,1,1,1,3,1,5,,,,,,,,,
Johannesburg,146,26.2041 S,28.0473 E,"$4,980,000,000.00",1,0,1,0,0,1,0,1,2,2,1,5,,,,,,,,,
Chongqing,147,29.563 N,106.55 E,"$4,980,000,000.00",1,1,0,1,1,1,0,1,3,3,1,7,#NAME?,,,,,,,,
Riyadh,148,24.7136 N,46.6753 E,"$5,175,000,000.00",0,1,1,1,1,1,1,1,3,4,1,8,#NAME?,,,,,,,,
Surat,149,21.1702 N,72.8311 E,"$3,650,000,000.00",0,1,0,1,1,1,0,1,2,3,1,6,#NAME?,,,,,,,,
Surabaya,150,7.2575 S,112.7521 E,"$3,650,000,000.00",0,1,0,1,0,1,0,1,2,2,1,5,,,,,,,,,
Pune,151,18.5204 N,73.8567 E,"$3,650,000,000.00",0,1,0,1,1,1,0,1,2,3,1,6,#NAME?,,,,,,,,
Khartoum,152,15.5007 N,32.5599 E,"$3,650,000,000.00",0,1,1,0,0,1,0,1,2,2,1,5,,,,,,,,,
Nanjing,153,32.0603 N,118.7969 E,"$5,075,000,000.00",0,1,0,1,1,1,0,1,2,3,1,6,#NAME?,,,,,,,,
Santiago,154,33.4489 S,70.6693 W,"$5,075,000,000.00",0,0,0,1,0,1,0,1,1,2,1,4,,,,,,,,,
Chengdu,155,30.651 N,104.075 E,"$5,075,000,000.00",0,1,0,1,1,1,0,1,2,3,1,6,#NAME?,,,,,,,,
Xi'an,156,34.3416 N,108.9398 E,"$4,980,000,000.00",0,1,0,1,1,1,0,1,2,3,1,6,#NAME?,,,,,,,,
Hong Kong,157,22.3 N,114.17 E,"$6,555,000,000.00",0,0,0,0,0,1,0,0,0,1,1,2,,,,,,,,,
Dongguan,158,23.0483 N,113.746 E,"$5,075,000,000.00",0,1,0,1,1,1,0,1,2,3,1,6,#NAME?,,,,,,,,
Foshan,159,23.0236 N,113.131 E,"$5,075,000,000.00",0,1,0,1,1,1,0,1,2,3,1,6,#NAME?,,,,,,,,
Shenyang,160,41.8057 N,123.4315 E,"$4,980,000,000.00",0,1,0,1,1,1,0,1,2,3,1,6,#NAME?,,,,,,,,
Baghdad,161,33.3152 N,44.3661 E,"$3,650,000,000.00",0,1,1,0,0,1,0,1,2,2,1,5,,,,,,,,,
Madrid,162,40.4168 N,3.7038 W,"$5,435,000,000.00",0,0,0,0,0,1,1,1,0,3,1,4,,,,,,,,,
Harbin,163,45.75 N,126.64 E,"$4,875,000,000.00",0,1,0,1,1,1,0,1,2,3,1,6,#NAME?,,,,,,,,
Toronto,164,43.6532 N,79.3832 W,"$5,435,000,000.00",0,0,0,1,0,1,1,1,1,3,1,5,,,,,,,,,
Belo Horizonte,165,19.9167 S,43.9333 W,"$4,905,080,459.77",0,0,0,1,0,1,1,1,1,3,1,5,,,,,,,,,
Singapore,166,1.3521 N,103.8198 E,"$6,440,000,000.00",0,0,0,1,0,1,0,0,1,1,1,3,,,,,,,,,
Fukuoka,167,33.5936 N,130.401 E,"$5,175,000,000.00",0,0,0,1,0,1,1,1,1,3,1,5,,,,,,,,,
Barcelona,168,41.3851 N,2.1734 E,"$5,435,000,000.00",0,0,0,0,0,1,1,1,0,3,1,4,,,,,,,,,
Saint Petersburg,169,59.9343 N,30.3351 E,"$4,905,080,459.77",0,1,0,0,0,1,1,1,1,3,1,5,,,,,,,,,
Qingdao,170,36.0671 N,120.3826 E,"$4,980,000,000.00",0,1,0,1,1,1,0,1,2,3,1,6,#NAME?,,,,,,,,
Dalian,171,38.914 N,121.615 E,"$4,980,000,000.00",0,1,0,1,1,1,0,1,2,3,1,6,#NAME?,,,,,,,,
Yangon,172,16.8661 N,96.1951 E,"$3,650,000,000.00",0,1,0,0,0,1,0,1,1,2,1,4,,,,,,,,,
Jinan,173,36.6667 N,116.9833 E,"$4,980,000,000.00",0,1,0,1,1,1,0,1,2,3,1,6,#NAME?,,,,,,,,
Guadalajara,174,20.6597 N,103.3496 W,"$5,075,000,000.00",0,1,0,0,0,1,1,1,1,3,1,5,,,,,,,,,
,,,,,,,,,,,,,,,,,,,,,,,,,
,,,,,,,,,,,,,,,,,,,,,,,,,
CityName,CityID,φ1 ,φ2,φ3,φ4,θ1,θ2,θ3,,,Data Descriptions,,,,,,,,,,,,,,
New York[c],1,"19,867,248",$3.12,0.66%,11.6%,7.70%,"492,269","239,000,000.00",,,"φ1 -- Population (Latest Estimate, 2019–2025)",,,,,,,,,,,,,,
Los Angeles,2,"3,878,704",$4.49,0.81%,11.2%,7.70%,"553,508","155,000,000.00",,,,,,,,,,,,,,,,,
Chicago,3,"2,721,308",$3.11,0.82%,10.3%,3.00%,"405,374","95,000,000.00",,,φ2 -- Average Motor Fuel Cost in Metro,,,,,,,,,,,,,,
Houston,4,"2,390,125",$2.52,1.84%,12.3%,3.00%,"367,580","95,000,000.00",,,,,,,,,,,,,,,,,
Phoenix,5,"1,673,164",$3.26,1.02%,11.6%,3.00%,"292,484","83,400,000.00",,,φ3 -- Population Growth Rate,,,,,,,,,,,,,,
Philadelphia[d],6,"1,573,916",$3.19,0.68%,10.2%,3.00%,"309,066","130,000,000.00",,,,,,,,,,,,,,,,,
San Antonio,7,"1,526,656",$2.52,1.59%,12.3%,3.00%,"155,000","92,500,000.00",,,φ4 -- Poverty Rate,,,,,,,,,,,,,,
San Diego,8,"1,404,452",$4.49,0.71%,11.2%,3.00%,"188,159","100,000,000.00",,,,,,,,,,,,,,,,,
Dallas,9,"1,326,087",$2.52,0.68%,12.3%,3.00%,"323,057","136,000,000.00",,,θ1 -- GDP growth trend,,,,,,,,,,,,,,
Jacksonville[e],10,"1,009,833",$2.96,1.65%,12.1%,3.00%,"125,000","90,000,000.00",,,,,,,,,,,,,,,,,
Fort Worth,11,"1,008,106",$2.52,2.38%,12.3%,3.00%,"145,000","136,000,000.00",,,θ2 -- Number of Unique Companies in Metro (Sponsorship Potential),,,,,,,,,,,,,,
San Jose,12,"997,368",$4.49,1.39%,11.2%,7.70%,"105,000","72,500,000.00",,,,,,,,,,,,,,,,,
Austin,13,"993,588",$2.52,0.40%,12.3%,3.00%,"135,000","45,000,000.00",,,"θ3 -- Closest ""Big Time"" Sports Team Ticket Sales",,,,,,,,,,,,,,
Charlotte,14,"943,476",$2.79,2.55%,14.0%,3.00%,"110,000","95,000,000.00",,,,,,,,,,,,,,,,,
Columbus,15,"933,263",$2.79,1.38%,10.5%,3.00%,"100,000","27,500,000.00",,,θ4 -- Net Present Value (NPV) of franchise ----CHECK THETA 10 SHEET,,,,,,,,,,,,,,
Indianapolis[f],16,"900,896",$2.87,0.64%,9.1%,3.00%,"95,000","83,300,000.00",,,,,,,,,,,,,,,,,
San Francisco[g],17,"827,526",$4.49,1.02%,11.2%,7.70%,"150,000","176,500,000.00",,,,,,,,,,,,,,,,,
Seattle,18,"780,995",$4.12,2.20%,9.2%,3.00%,"198,514","115,000,000.00",,,,,,,,,,,,,,,,,
Denver[h],19,"729,019",$2.53,1.06%,8.1%,3.00%,"170,000","129,000,000.00",,,,,,,,,,,,,,,,,
Oklahoma City,20,"712,919",$2.40,1.19%,13.7%,3.00%,"80,000","61,500,000.00",,,,,,,,,,,,,,,,,
Nashville[i],21,"729,505",$2.57,1.45%,10.1%,3.00%,"90,000","81,200,000.00",,,,,,,,,,,,,,,,,
Washington[j],22,"702,250",$3.20,2.17%,12.4%,3.00%,"373,502","115,000,000.00",,,,,,,,,,,,,,,,,
El Paso,23,"681,723",$2.52,0.02%,12.3%,3.00%,"45,000","5,150,000.00",,,,,,,,,,,,,,,,,
Las Vegas,24,"678,922",$3.67,1.84%,12.6%,3.00%,"150,000","115,000,000.00",,,,,,,,,,,,,,,,,
Boston,25,"673,458",$3.02,1.33%,9.2%,3.00%,"212,844","135,000,000.00",,,,,,,,,,,,,,,,,
Detroit,26,"645,705",$2.86,1.06%,11.9%,3.00%,"226,034","85,000,000.00",,,,,,,,,,,,,,,,,
Louisville[k],27,"640,796",$2.68,1.37%,15.5%,3.00%,"65,000",0.00,,,,,,,,,,,,,,,,,
Portland,28,"635,749",$3.74,0.23%,9.6%,3.00%,"90,000","82,500,000.00",,,,,,,,,,,,,,,,,
Memphis,29,"610,919",$2.57,-0.60%,10.1%,3.00%,"60,000","75,000,000.00",,,,,,,,,,,,,,,,,
Baltimore[l],30,"568,271",$2.99,0.13%,8.3%,3.00%,"95,000","97,500,000.00",,,,,,,,,,,,,,,,,
Milwaukee,31,"563,531",$2.62,0.09%,8.3%,3.00%,"75,000","85,000,000.00",,,,,,,,,,,,,,,,,
Albuquerque,32,"560,326",$2.80,-0.14%,17.2%,2.50%,"40,000","5,250,000.00",,,,,,,,,,,,,,,,,
Tucson,33,"554,013",$3.26,0.74%,11.6%,3.00%,"45,000","4,000,000.00",,,,,,,,,,,,,,,,,
Fresno,34,"550,105",$4.49,0.52%,11.2%,3.00%,"40,000","4,500,000.00",,,,,,,,,,,,,,,,,
Sacramento,35,"535,798",$4.49,1.13%,11.2%,3.00%,"75,000","87,500,000.00",,,,,,,,,,,,,,,,,
Atlanta,36,"520,070",$2.81,1.34%,12.4%,3.00%,"388,030","125,000,000.00",,,,,,,,,,,,,,,,,
Mesa,37,"517,151",$3.26,0.61%,11.6%,3.00%,"35,000",0.00,,,,,,,,,,,,,,,,,
Kansas City,38,"516,032",$2.63,0.93%,10.2%,3.00%,"85,000","115,000,000.00",,,,,,,,,,,,,,,,,
Raleigh,39,"499,825",$2.79,1.78%,14.0%,3.00%,"70,000","72,500,000.00",,,,,,,,,,,,,,,,,
Colorado Springs,40,"493,554",$2.53,0.46%,8.1%,3.00%,"55,000","3,000,000.00",,,,,,,,,,,,,,,,,
Omaha,41,"489,265",$2.68,0.51%,8.0%,3.00%,"50,000","4,500,000.00",,,,,,,,,,,,,,,,,
Miami,42,"487,014",$2.96,3.47%,12.1%,3.00%,"229,789","127,000,000.00",,,,,,,,,,,,,,,,,
Virginia Beach[l],43,"454,808",$2.88,0.23%,8.6%,3.00%,"60,000",0.00,,,,,,,,,,,,,,,,,
Long Beach,44,"450,901",$4.49,-0.19%,11.2%,3.00%,"45,000",0.00,,,,,,,,,,,,,,,,,
Oakland,45,"443,554",$4.49,0.93%,11.2%,7.70%,"45,000","40,000,000.00",,,,,,,,,,,,,,,,,
Minneapolis,46,"428,579",$2.83,0.47%,7.2%,3.00%,"191,635","115,000,000.00",,,,,,,,,,,,,,,,,
Bakersfield,47,"417,468",$4.49,0.69%,11.2%,3.00%,"30,000","4,000,000.00",,,,,,,,,,,,,,,,,
Tulsa,48,"415,154",$2.40,0.27%,13.7%,3.00%,"40,000","3,000,000.00",,,,,,,,,,,,,,,,,
Tampa,49,"414,547",$2.96,1.17%,12.1%,3.00%,"209,235","102,500,000.00",,,,,,,,,,,,,,,,,
Arlington,50,"403,672",$2.52,0.62%,12.3%,3.00%,"35,000","136,000,000.00",,,,,,,,,,,,,,,,,
Aurora,51,"403,130",$2.53,1.40%,8.1%,3.00%,"40,000",0.00,,,,,,,,,,,,,,,,,
Wichita,52,"400,991",$2.64,0.84%,8.9%,3.00%,"30,000","4,500,000.00",,,,,,,,,,,,,,,,,
Cleveland,53,"365,379",$2.79,0.30%,10.5%,3.00%,"80,000","90,000,000.00",,,,,,,,,,,,,,,,,
New Orleans[m],54,"362,701",$2.60,-0.68%,19.4%,3.00%,"65,000","100,000,000.00",,,,,,,,,,,,,,,,,
Henderson,55,"350,039",$3.67,3.17%,12.6%,3.00%,"30,000",0.00,,,,,,,,,,,,,,,,,
Honolulu[n],56,"998,747",$4.44,0.42%,8.6%,3.00%,"55,000",0.00,,,,,,,,,,,,,,,,,
Anaheim,57,"344,561",$4.49,0.49%,11.2%,3.00%,"40,000","95,000,000.00",,,,,,,,,,,,,,,,,
Orlando,58,"334,854",$2.96,2.28%,12.1%,3.00%,"180,260","75,000,000.00",,,,,,,,,,,,,,,,,
Lexington[o],59,"329,437",$2.68,1.48%,15.5%,3.00%,"35,000",0.00,,,,,,,,,,,,,,,,,
Stockton,60,"324,975",$4.49,0.74%,11.2%,3.00%,"25,000","2,250,000.00",,,,,,,,,,,,,,,,,
Riverside,61,"323,757",$4.49,0.68%,11.2%,3.00%,"185,396",0.00,,,,,,,,,,,,,,,,,
Irvine,62,"318,683",$4.49,1.15%,11.2%,7.70%,"35,000",0.00,,,,,,,,,,,,,,,,,
Corpus Christi,63,"317,317",$2.52,0.11%,12.3%,3.00%,"25,000","4,500,000.00",,,,,,,,,,,,,,,,,
Newark,64,"317,303",$2.99,2.61%,9.1%,3.00%,"30,000","95,000,000.00",,,,,,,,,,,,,,,,,
Santa Ana,65,"316,184",$4.49,1.13%,11.2%,3.00%,"30,000",0.00,,,,,,,,,,,,,,,,,
Cincinnati,66,"314,915",$2.79,0.71%,10.5%,3.00%,"70,000","85,000,000.00",,,,,,,,,,,,,,,,,
Pittsburgh,67,"307,668",$3.19,0.95%,10.2%,3.00%,"75,000","102,500,000.00",,,,,,,,,,,,,,,,,
Saint Paul,68,"307,465",$2.83,0.76%,7.2%,3.00%,"40,000","77,500,000.00",,,,,,,,,,,,,,,,,
Greensboro,69,"307,381",$2.79,1.15%,14.0%,3.00%,"35,000",0.00,,,,,,,,,,,,,,,,,
Jersey City,70,"302,824",$2.99,1.55%,9.1%,3.00%,"25,000",0.00,,,,,,,,,,,,,,,,,
Durham,71,"301,870",$2.79,1.85%,14.0%,3.00%,"30,000","4,500,000.00",,,,,,,,,,,,,,,,,
Lincoln,72,"300,619",$2.68,1.28%,8.0%,3.00%,"20,000","1,750,000.00",,,,,,,,,,,,,,,,,
North Las Vegas,73,"294,034",$3.67,2.56%,12.6%,3.00%,"25,000",0.00,,,,,,,,,,,,,,,,,
Plano,74,"293,286",$2.52,-0.04%,12.3%,3.00%,"35,000",0.00,,,,,,,,,,,,,,,,,
Anchorage[p],75,"289,600",$3.67,0.58%,9.7%,3.00%,"20,000",0.00,,,,,,,,,,,,,,,,,
Gilbert,76,"288,790",$3.26,0.75%,11.6%,3.00%,"25,000",0.00,,,,,,,,,,,,,,,,,
Madison,77,"285,300",$2.62,1.47%,8.3%,3.00%,"30,000","1,750,000.00",,,,,,,,,,,,,,,,,
Reno,78,"281,714",$3.67,2.04%,12.6%,3.00%,"25,000","4,500,000.00",,,,,,,,,,,,,,,,,
Chandler,79,"281,231",$3.26,-0.11%,11.6%,3.00%,"20,000",0.00,,,,,,,,,,,,,,,,,
St. Louis[l],80,"279,695",$2.63,-1.09%,10.2%,3.00%,"60,000","115,000,000.00",,,,,,,,,,,,,,,,,
Chula Vista,81,"278,546",$4.49,0.86%,11.2%,3.00%,"15,000",0.00,,,,,,,,,,,,,,,,,
Buffalo,82,"276,617",$3.12,0.09%,11.6%,3.00%,"35,000","94,000,000.00",,,,,,,,,,,,,,,,,
Fort Wayne,83,"273,203",$2.87,1.03%,9.1%,3.00%,"20,000","4,500,000.00",,,,,,,,,,,,,,,,,
Lubbock,84,"272,086",$2.52,1.50%,12.3%,3.00%,"18,000",0.00,,,,,,,,,,,,,,,,,
St. Petersburg,85,"267,102",$2.96,0.76%,12.1%,3.00%,"30,000","82,500,000.00",,,,,,,,,,,,,,,,,
Toledo,86,"265,638",$2.79,-0.06%,10.5%,3.00%,"20,000","4,500,000.00",,,,,,,,,,,,,,,,,
Laredo,87,"261,260",$2.52,0.90%,12.3%,3.00%,"15,000",0.00,,,,,,,,,,,,,,,,,
Port St. Lucie,88,"258,575",$2.96,4.82%,12.1%,3.00%,"15,000","2,250,000.00",,,,,,,,,,,,,,,,,
Glendale,89,"258,143",$3.26,1.23%,11.6%,3.00%,"18,000",0.00,,,,,,,,,,,,,,,,,
Irving,90,"258,060",$2.52,0.21%,12.3%,3.00%,"25,000",0.00,,,,,,,,,,,,,,,,,
Winston-Salem,91,"255,769",$2.79,0.96%,14.0%,3.00%,"20,000","3,500,000.00",,,,,,,,,,,,,,,,,
Chesapeake[l],92,"254,997",$2.88,0.41%,8.6%,3.00%,"18,000",0.00,,,,,,,,,,,,,,,,,
Garland,93,"250,431",$2.52,1.68%,12.3%,3.00%,"15,000",0.00,,,,,,,,,,,,,,,,,
Scottsdale,94,"246,170",$3.26,0.38%,11.6%,3.00%,"25,000",0.00,,,,,,,,,,,,,,,,,
Boise[q],95,"237,963",$3.16,0.65%,8.5%,3.00%,"40,000","1,750,000.00",,,,,,,,,,,,,,,,,
Hialeah,96,"235,388",$2.96,2.99%,12.1%,3.00%,"10,000",0.00,,,,,,,,,,,,,,,,,
Frisco,97,"235,208",$2.52,3.61%,12.3%,3.00%,"15,000","45,000,000.00",,,,,,,,,,,,,,,,,
Richmond[l],98,"233,655",$2.88,1.42%,8.6%,3.00%,"30,000","4,500,000.00",,,,,,,,,,,,,,,,,
Cape Coral,99,"233,025",$2.96,2.64%,12.1%,3.00%,"20,000",0.00,,,,,,,,,,,,,,,,,
Norfolk[l],100,"231,105",$2.88,-0.12%,8.6%,3.00%,"20,000","4,500,000.00",,,,,,,,,,,,,,,,,
Jakarta,101,"34,540,000",$1.52,0.79%,9.00%,2.50%,"1,200,000","1,100,000.00",,,,,,,,,,,,,,,,,
Dhaka,102,"23,935,000",$3.89,1.22%,8.70%,2.50%,"800,000",0.00,,,,,,,,,,,,,,,,,
Tokyo,103,"37,274,000",$4.40,-0.53%,0%,1.10%,"750,000","150,000,000.00",,,,,,,,,,,,,,,,,
Delhi,104,"33,807,000",$3.80,0.89%,5.90%,6.70%,"380,000","52,500,000.00",,,,,,,,,,,,,,,,,
Shanghai,105,"29,866,000",$3.94,-0.23%,0.40%,5.00%,"2,900,000","17,500,000.00",,,,,,,,,,,,,,,,,
Guangzhou,106,"26,940,000",$3.94,-0.23%,0.40%,5.00%,"1,800,000","10,000,000.00",,,,,,,,,,,,,,,,,
Cairo,107,"22,184,000",$1.38,1.57%,29.70%,5.30%,"450,000","10,000,000.00",,,,,,,,,,,,,,,,,
Manila,108,"24,110,000",$3.42,0.81%,13.90%,2.50%,"600,000","4,500,000.00",,,,,,,,,,,,,,,,,
Kolkata,109,"14,850,000",$3.80,0.89%,5.90%,6.70%,"150,000","47,500,000.00",,,,,,,,,,,,,,,,,
Seoul,110,"23,160,000",$5.87,-0.53%,0%,2.50%,"650,000","40,000,000.00",,,,,,,,,,,,,,,,,
Karachi,111,"16,930,000",$2.65,1.57%,22.80%,2.50%,"250,000",0.00,,,,,,,,,,,,,,,,,
Mumbai,112,"21,670,000",$3.80,0.89%,5.90%,6.70%,"450,000","57,500,000.00",,,,,,,,,,,,,,,,,
São Paulo,113,"22,430,000",$4.89,0.38%,4.40%,1.40%,"602,071","52,500,000.00",,,,,,,,,,,,,,,,,
Bangkok,114,"17,730,000",$3.46,0.24%,5.60%,2.50%,"400,000","3,500,000.00",,,,,,,,,,,,,,,,,
Mexico City,115,"22,085,000",$3.98,0.83%,18.00%,2.50%,"480,000","45,000,000.00",,,,,,,,,,,,,,,,,
Beijing,116,"21,970,000",$3.94,-0.23%,0.40%,5.00%,"2,200,000","17,500,000.00",,,,,,,,,,,,,,,,,
Lahore,117,"13,540,000",$2.65,1.57%,22.80%,2.50%,"180,000",0.00,,,,,,,,,,,,,,,,,
Istanbul,118,"15,660,000",$4.68,0.24%,22.10%,2.50%,"300,000","52,500,000.00",,,,,,,,,,,,,,,,,
Moscow,119,"12,640,000",$2.53,-0.57%,12.10%,2.50%,"350,000","42,500,000.00",,,,,,,,,,,,,,,,,
Ho Chi Minh City,120,"9,320,000",$3.89,0.61%,5.50%,6.20%,"300,000","1,500,000.00",,,,,,,,,,,,,,,,,
Buenos Aires,121,"15,370,000",$3.45,0.85%,6.40%,2.50%,"320,000","52,500,000.00",,,,,,,,,,,,,,,,,
Shenzhen,122,"17,560,000",$3.94,-0.23%,0.40%,5.00%,"1,500,000",0.00,,,,,,,,,,,,,,,,,
Bengaluru,123,"13,620,000",$3.80,0.89%,5.90%,6.70%,"250,000","42,500,000.00",,,,,,,,,,,,,,,,,
Osaka,124,"19,110,000",$4.40,-0.53%,0%,1.10%,"280,000","115,000,000.00",,,,,,,,,,,,,,,,,
Lagos,125,"16,540,000",$3.06,2.08%,43.00%,3.98%,"400,000",0.00,,,,,,,,,,,,,,,,,
Luanda,126,"8,330,000",$1.68,3.38%,36.50%,3.98%,"120,000",0.00,,,,,,,,,,,,,,,,,
Chennai,127,"11,600,000",$3.80,0.89%,5.90%,6.70%,"180,000","42,500,000.00",,,,,,,,,,,,,,,,,
Kinshasa,128,"17,070,000",$3.13,3.25%,68.10%,4.70%,"150,000",0.00,,,,,,,,,,,,,,,,,
Bogotá,129,"11,540,000",$2.48,0.96%,39.30%,2.50%,"250,000","15,000,000.00",,,,,,,,,,,,,,,,,
Lima,130,"11,280,000",$4.61,0.95%,20.40%,2.50%,"200,000","13,000,000.00",,,,,,,,,,,,,,,,,
London,131,"14,900,000",$7.54,-0.56%,18.60%,2.50%,"536,000","125,000,000.00",,,,,,,,,,,,,,,,,
Rio de Janeiro,132,"13,660,000",$4.89,0.38%,4.40%,2.50%,"250,000","57,500,000.00",,,,,,,,,,,,,,,,,
Paris,133,"11,140,000",$7.79,-0.14%,14.10%,2.50%,"420,000","115,000,000.00",,,,,,,,,,,,,,,,,
Hyderabad,134,"10,540,000",$3.80,0.89%,5.90%,6.70%,"140,000","35,000,000.00",,,,,,,,,,,,,,,,,
Tehran,135,"13,620,000",$1.14,0.93%,12.00%,2.50%,"200,000",0.00,,,,,,,,,,,,,,,,,
Bandung,136,"8,930,000",$1.52,0.79%,9.00%,2.50%,"150,000","750,000.00",,,,,,,,,,,,,,,,,
Kuala Lumpur,137,"8,565,000",$2.44,1.45%,5.60%,2.50%,"220,000","2,500,000.00",,,,,,,,,,,,,,,,,
Dar es Salaam,138,"7,100,000",$4.20,2.81%,26.40%,3.98%,"100,000",0.00,,,,,,,,,,,,,,,,,
Suzhou,139,"7,450,000",$3.94,-0.23%,0.40%,5.00%,"800,000",0.00,,,,,,,,,,,,,,,,,
Ahmedabad,140,"8,280,000",$3.80,0.89%,5.90%,6.70%,"100,000","42,500,000.00",,,,,,,,,,,,,,,,,
Hangzhou,141,"12,070,000",$3.94,-0.23%,0.40%,5.00%,"600,000","10,000,000.00",,,,,,,,,,,,,,,,,
Wuhan,142,"11,210,000",$3.94,-0.23%,0.40%,5.00%,"500,000","10,000,000.00",,,,,,,,,,,,,,,,,
Tianjin,143,"13,160,000",$3.94,-0.23%,0.40%,5.00%,"450,000","10,000,000.00",,,,,,,,,,,,,,,,,
Alexandria,144,"5,650,000",$1.38,1.57%,29.70%,5.30%,"150,000",0.00,,,,,,,,,,,,,,,,,
Nagoya,145,"9,560,000",$4.40,-0.53%,0%,1.10%,"160,000","75,000,000.00",,,,,,,,,,,,,,,,,
Johannesburg,146,"15,860,000",$4.20,1.28%,18.80%,2.50%,"200,000","10,000,000.00",,,,,,,,,,,,,,,,,
Chongqing,147,"17,330,000",$3.94,-0.23%,0.40%,5.00%,"400,000",0.00,,,,,,,,,,,,,,,,,
Riyadh,148,"7,690,000",$2.30,2.30%,8.00%,4.60%,"180,000","52,500,000.00",,,,,,,,,,,,,,,,,
Surat,149,"8,070,000",$3.80,0.89%,5.90%,6.70%,"60,000",0.00,,,,,,,,,,,,,,,,,
Surabaya,150,"9,420,000",$1.52,0.79%,9.00%,2.50%,"250,000","1,100,000.00",,,,,,,,,,,,,,,,,
Pune,151,"7,680,000",$3.80,0.89%,5.90%,6.70%,"90,000",0.00,,,,,,,,,,,,,,,,,
Khartoum,152,"6,580,000",$1.23,2.94%,32.00%,2.50%,"80,000",0.00,,,,,,,,,,,,,,,,,
Nanjing,153,"9,240,000",$3.94,-0.23%,0.40%,5.00%,"350,000","10,000,000.00",,,,,,,,,,,,,,,,,
Santiago,154,"6,930,000",$5.36,0.51%,10.80%,2.50%,"150,000","15,000,000.00",,,,,,,,,,,,,,,,,
Chengdu,155,"14,430,000",$3.94,-0.23%,0.40%,5.00%,"420,000","10,000,000.00",,,,,,,,,,,,,,,,,
Xi'an,156,"9,450,000",$3.94,-0.23%,0.40%,5.00%,"300,000",0.00,,,,,,,,,,,,,,,,,
Hong Kong,157,"7,430,000",$9.70,-0.32%,19.90%,2.50%,"220,000","2,000,000.00",,,,,,,,,,,,,,,,,
Dongguan,158,"10,750,000",$3.94,-0.23%,0.40%,5.00%,"550,000",0.00,,,,,,,,,,,,,,,,,
Foshan,159,"9,500,000",$3.94,-0.23%,0.40%,5.00%,"480,000",0.00,,,,,,,,,,,,,,,,,
Shenyang,160,"7,530,000",$3.94,-0.23%,0.40%,5.00%,"250,000",0.00,,,,,,,,,,,,,,,,,
Baghdad,161,"8,150,000",$1.14,2.98%,24.00%,2.50%,"100,000",0.00,,,,,,,,,,,,,,,,,
Madrid,162,"6,780,000",$6.85,-0.18%,21.00%,2.50%,"300,000","270,000,000.00",,,,,,,,,,,,,,,,,
Harbin,163,"9,800,000",$3.94,-0.23%,0.40%,5.00%,"150,000",0.00,,,,,,,,,,,,,,,,,
Toronto,164,"6,680,000",$5.20,0.79%,7.40%,2.50%,"380,000","105,000,000.00",,,,,,,,,,,,,,,,,
Belo Horizonte,165,"5,950,000",$4.89,0.38%,4.40%,2.50%,"150,000","22,500,000.00",,,,,,,,,,,,,,,,,
Singapore,166,"6,030,000",$9.70,0.16%,0%,2.50%,"250,000","2,000,000.00",,,,,,,,,,,,,,,,,
Fukuoka,167,"5,540,000",$4.40,-0.53%,0%,2.50%,"120,000","65,000,000.00",,,,,,,,,,,,,,,,,
Barcelona,168,"5,700,000",$6.85,-0.18%,21.00%,2.50%,"200,000","110,000,000.00",,,,,,,,,,,,,,,,,
Saint Petersburg,169,"5,380,000",$2.53,-0.57%,12.10%,2.50%,"180,000","30,000,000.00",,,,,,,,,,,,,,,,,
Qingdao,170,"10,350,000",$3.94,-0.23%,0.40%,5.00%,"300,000","10,000,000.00",,,,,,,,,,,,,,,,,
Dalian,171,"7,300,000",$3.94,-0.23%,0.40%,5.00%,"200,000",0.00,,,,,,,,,,,,,,,,,
Yangon,172,"5,840,000",$3.24,0.74%,24.80%,2.50%,"150,000",0.00,,,,,,,,,,,,,,,,,
Jinan,173,"9,200,000",$3.94,-0.23%,0.40%,5.00%,"250,000","10,000,000.00",,,,,,,,,,,,,,,,,
Guadalajara,174,"5,380,000",$3.98,0.83%,18.00%,2.50%,"150,000","40,000,000.00",,,,,,,,,,,,,,,,,
,,,,,,,,,,,,,,,,,,,,,,,,,
,,,,,,,,,,,,,,,,,,,,,,,,,
,,,,,,,,,,,,,,,,,,,,,,,,,
,,,,,,,,,,,,,,,,,,,,,,,,,
,,,,,,,,,,,,,,,,,,,,,,,,,
,,,,,,,,,,,,,,,,,,,,,,,,,
,,,,,,,,,,,,,,,,,,,,,,,,,
,,,,,,,,,,,,,,,,,,,,,,,,,
,,,,,,,,,,,,,,,,,,,,,,,,,
,,,,,,,,,,,,,,,,,,,,,,,,,
,,,,,,,,,,,,,,,,,,,,,,,,,
,,,,,,,,,,,,,,,,,,,,,,,,,
,,,,,,,,,,,,,,,,,,,,,,,,,
City,Franchise Fee,Average Stadium Cost,Discount Rate,NFL Avg Ticket Rev,NFL Avg Concession Rev,TV Deals (NFL Avg),Other Ad Rev Avg,Offseason Avg Stadium Rental Rev,Utility Costs (NFL Avg),Calculated Annual Rent Estimate,Average Employee/Player Cost,Startup Costs,Yearly Revenue,Yearly Operational Costs,Tax,NPV,,,,,,,,,
New York,"$3,000,000,000.00","$3,680,000,000.00",0.03,"$100,000,000.00","$50,000,000.00","$400,000,000.00","$75,000,000.00","$100,000,000.00","$45,000,000.00","$139,500,000","$350,000,000","$6,680,000,000.00","$725,000,000.00","$534,500,000.00",37.10%,"-$2,685,850,000.00",,,,,,,,,
Los Angeles,"$3,000,000,000.00","$2,665,000,000.00",0.03,"$100,000,000.00","$50,000,000.00","$400,000,000.00","$75,000,000.00","$100,000,000.00","$45,000,000.00","$62,000,000","$375,000,000","$5,665,000,000.00","$725,000,000.00","$482,000,000.00",29.84%,"$17,960,000.00",,,,,,,,,
Chicago,"$3,000,000,000.00","$3,300,000,000.00",0.03,"$100,000,000.00","$50,000,000.00","$400,000,000.00","$75,000,000.00","$100,000,000.00","$45,000,000.00","$41,850,000","$375,000,000","$6,300,000,000.00","$725,000,000.00","$461,850,000.00",30.50%,"-$203,691,666.67",,,,,,,,,
Houston,"$3,000,000,000.00","$2,335,000,000.00",0.03,"$100,000,000.00","$50,000,000.00","$400,000,000.00","$75,000,000.00","$100,000,000.00","$45,000,000.00","$41,850,000","$375,000,000","$5,335,000,000.00","$725,000,000.00","$461,850,000.00",21.00%,"$1,594,616,666.67",,,,,,,,,
Phoenix,"$3,000,000,000.00","$2,335,000,000.00",0.03,"$100,000,000.00","$50,000,000.00","$400,000,000.00","$75,000,000.00","$100,000,000.00","$45,000,000.00","$41,850,000","$375,000,000","$5,335,000,000.00","$725,000,000.00","$461,850,000.00",25.90%,"$1,164,805,000.00",,,,,,,,,
Philadelphia,"$3,000,000,000.00","$2,410,000,000.00",0.03,"$100,000,000.00","$50,000,000.00","$400,000,000.00","$75,000,000.00","$100,000,000.00","$45,000,000.00","$21,700,000","$375,000,000","$5,410,000,000.00","$725,000,000.00","$441,700,000.00",35.30%,"$699,836,666.67",,,,,,,,,
San Antonio,"$3,000,000,000.00","$2,175,000,000.00",0.03,"$100,000,000.00","$50,000,000.00","$400,000,000.00","$75,000,000.00","$100,000,000.00","$45,000,000.00","$21,700,000","$375,000,000","$5,175,000,000.00","$725,000,000.00","$441,700,000.00",21.00%,"$2,285,233,333.33",,,,,,,,,
San Diego,"$3,000,000,000.00","$2,620,000,000.00",0.03,"$100,000,000.00","$50,000,000.00","$400,000,000.00","$75,000,000.00","$100,000,000.00","$45,000,000.00","$62,000,000","$375,000,000","$5,620,000,000.00","$725,000,000.00","$482,000,000.00",29.84%,"$62,960,000.00",,,,,,,,,
Dallas,"$3,000,000,000.00","$2,335,000,000.00",0.03,"$100,000,000.00","$50,000,000.00","$400,000,000.00","$75,000,000.00","$100,000,000.00","$45,000,000.00","$41,850,000","$375,000,000","$5,335,000,000.00","$725,000,000.00","$461,850,000.00",21.00%,"$1,594,616,666.67",,,,,,,,,
Jacksonville,"$3,000,000,000.00","$2,075,000,000.00",0.03,"$100,000,000.00","$50,000,000.00","$400,000,000.00","$75,000,000.00","$100,000,000.00","$45,000,000.00","$21,700,000","$375,000,000","$5,075,000,000.00","$725,000,000.00","$441,700,000.00",26.50%,"$1,865,850,000.00",,,,,,,,,
Fort Worth,"$3,000,000,000.00","$2,175,000,000.00",0.03,"$100,000,000.00","$50,000,000.00","$400,000,000.00","$75,000,000.00","$100,000,000.00","$45,000,000.00","$41,850,000","$375,000,000","$5,175,000,000.00","$725,000,000.00","$461,850,000.00",21.00%,"$1,754,616,666.67",,,,,,,,,
San Jose,"$3,000,000,000.00","$2,560,000,000.00",0.03,"$100,000,000.00","$50,000,000.00","$400,000,000.00","$75,000,000.00","$100,000,000.00","$45,000,000.00","$62,000,000","$375,000,000","$5,560,000,000.00","$725,000,000.00","$482,000,000.00",29.84%,"$122,960,000.00",,,,,,,,,
Austin,"$3,000,000,000.00","$2,270,000,000.00",0.03,"$100,000,000.00","$50,000,000.00","$400,000,000.00","$75,000,000.00","$100,000,000.00","$45,000,000.00","$41,850,000","$375,000,000","$5,270,000,000.00","$725,000,000.00","$461,850,000.00",21.00%,"$1,659,616,666.67",,,,,,,,,
Charlotte,"$3,000,000,000.00","$2,270,000,000.00",0.03,"$100,000,000.00","$50,000,000.00","$400,000,000.00","$75,000,000.00","$100,000,000.00","$45,000,000.00","$41,850,000","$375,000,000","$5,270,000,000.00","$725,000,000.00","$461,850,000.00",23.50%,"$1,440,325,000.00",,,,,,,,,
Columbus,"$3,000,000,000.00","$2,175,000,000.00",0.03,"$100,000,000.00","$50,000,000.00","$400,000,000.00","$75,000,000.00","$100,000,000.00","$45,000,000.00","$41,850,000","$375,000,000","$5,175,000,000.00","$725,000,000.00","$461,850,000.00",21.00%,"$1,754,616,666.67",,,,,,,,,
Indianapolis,"$3,000,000,000.00","$2,175,000,000.00",0.03,"$100,000,000.00","$50,000,000.00","$400,000,000.00","$75,000,000.00","$100,000,000.00","$45,000,000.00","$21,700,000","$375,000,000","$5,175,000,000.00","$725,000,000.00","$441,700,000.00",25.90%,"$1,822,510,000.00",,,,,,,,,
San Francisco,"$3,000,000,000.00","$3,565,000,000.00",0.03,"$100,000,000.00","$50,000,000.00","$400,000,000.00","$75,000,000.00","$100,000,000.00","$45,000,000.00","$139,500,000","$375,000,000","$6,565,000,000.00","$725,000,000.00","$559,500,000.00",29.84%,"-$2,694,506,666.67",,,,,,,,,
Seattle,"$3,000,000,000.00","$2,535,000,000.00",0.03,"$100,000,000.00","$50,000,000.00","$400,000,000.00","$75,000,000.00","$100,000,000.00","$45,000,000.00","$41,850,000","$375,000,000","$5,535,000,000.00","$725,000,000.00","$461,850,000.00",21.00%,"$1,394,616,666.67",,,,,,,,,
Denver,"$3,000,000,000.00","$2,435,000,000.00",0.03,"$100,000,000.00","$50,000,000.00","$400,000,000.00","$75,000,000.00","$100,000,000.00","$45,000,000.00","$41,850,000","$375,000,000","$5,435,000,000.00","$725,000,000.00","$461,850,000.00",25.40%,"$1,108,663,333.33",,,,,,,,,
Oklahoma City,"$3,000,000,000.00","$2,075,000,000.00",0.03,"$100,000,000.00","$50,000,000.00","$400,000,000.00","$75,000,000.00","$100,000,000.00","$45,000,000.00","$21,700,000","$375,000,000","$5,075,000,000.00","$725,000,000.00","$441,700,000.00",25.00%,"$2,007,500,000.00",,,,,,,,,
Nashville,"$3,000,000,000.00","$2,175,000,000.00",0.03,"$100,000,000.00","$50,000,000.00","$400,000,000.00","$75,000,000.00","$100,000,000.00","$45,000,000.00","$41,850,000","$375,000,000","$5,175,000,000.00","$725,000,000.00","$461,850,000.00",27.50%,"$1,184,458,333.33",,,,,,,,,
Washington,"$3,000,000,000.00","$2,750,000,000.00",0.03,"$100,000,000.00","$50,000,000.00","$400,000,000.00","$75,000,000.00","$100,000,000.00","$45,000,000.00","$139,500,000","$375,000,000","$5,750,000,000.00","$725,000,000.00","$559,500,000.00",29.25%,"-$1,846,958,333.33",,,,,,,,,
El Paso,"$3,000,000,000.00","$2,025,000,000.00",0.03,"$100,000,000.00","$50,000,000.00","$400,000,000.00","$75,000,000.00","$100,000,000.00","$45,000,000.00","$21,700,000","$375,000,000","$5,025,000,000.00","$725,000,000.00","$441,700,000.00",21.00%,"$2,435,233,333.33",,,,,,,,,
Las Vegas,"$3,000,000,000.00","$2,250,000,000.00",0.03,"$100,000,000.00","$50,000,000.00","$400,000,000.00","$75,000,000.00","$100,000,000.00","$45,000,000.00","$21,700,000","$375,000,000","$5,250,000,000.00","$725,000,000.00","$441,700,000.00",21.00%,"$2,210,233,333.33",,,,,,,,,
Boston,"$3,000,000,000.00","$2,850,000,000.00",0.03,"$100,000,000.00","$50,000,000.00","$400,000,000.00","$75,000,000.00","$100,000,000.00","$45,000,000.00","$139,500,000","$375,000,000","$5,850,000,000.00","$725,000,000.00","$559,500,000.00",29.00%,"-$1,933,166,666.67",,,,,,,,,
Detroit,"$3,000,000,000.00","$2,025,000,000.00",0.03,"$100,000,000.00","$50,000,000.00","$400,000,000.00","$75,000,000.00","$100,000,000.00","$45,000,000.00","$21,700,000","$375,000,000","$5,025,000,000.00","$725,000,000.00","$441,700,000.00",29.00%,"$1,679,766,666.67",,,,,,,,,
Louisville,"$3,000,000,000.00","$2,075,000,000.00",0.03,"$100,000,000.00","$50,000,000.00","$400,000,000.00","$75,000,000.00","$100,000,000.00","$45,000,000.00","$21,700,000","$375,000,000","$5,075,000,000.00","$725,000,000.00","$441,700,000.00",26.00%,"$1,913,066,666.67",,,,,,,,,
Portland,"$3,000,000,000.00","$2,270,000,000.00",0.03,"$100,000,000.00","$50,000,000.00","$400,000,000.00","$75,000,000.00","$100,000,000.00","$45,000,000.00","$21,700,000","$375,000,000","$5,270,000,000.00","$725,000,000.00","$441,700,000.00",34.20%,"$943,713,333.33",,,,,,,,,
Memphis,"$3,000,000,000.00","$1,920,000,000.00",0.03,"$100,000,000.00","$50,000,000.00","$400,000,000.00","$75,000,000.00","$100,000,000.00","$45,000,000.00","$21,700,000","$375,000,000","$4,920,000,000.00","$725,000,000.00","$441,700,000.00",27.50%,"$1,926,416,666.67",,,,,,,,,
Baltimore,"$3,000,000,000.00","$2,150,000,000.00",0.03,"$100,000,000.00","$50,000,000.00","$400,000,000.00","$75,000,000.00","$100,000,000.00","$45,000,000.00","$21,700,000","$375,000,000","$5,150,000,000.00","$725,000,000.00","$441,700,000.00",29.25%,"$1,531,158,333.33",,,,,,,,,
Milwaukee,"$3,000,000,000.00","$2,025,000,000.00",0.03,"$100,000,000.00","$50,000,000.00","$400,000,000.00","$75,000,000.00","$100,000,000.00","$45,000,000.00","$21,700,000","$375,000,000","$5,025,000,000.00","$725,000,000.00","$441,700,000.00",28.90%,"$1,689,210,000.00",,,,,,,,,
Albuquerque,"$3,000,000,000.00","$1,920,000,000.00",0.03,"$100,000,000.00","$50,000,000.00","$400,000,000.00","$75,000,000.00","$100,000,000.00","$45,000,000.00","$21,700,000","$375,000,000","$4,920,000,000.00","$725,000,000.00","$441,700,000.00",26.90%,"$1,983,076,666.67",,,,,,,,,
Tucson,"$3,000,000,000.00","$2,025,000,000.00",0.03,"$100,000,000.00","$50,000,000.00","$400,000,000.00","$75,000,000.00","$100,000,000.00","$45,000,000.00","$21,700,000","$375,000,000","$5,025,000,000.00","$725,000,000.00","$441,700,000.00",25.90%,"$1,972,510,000.00",,,,,,,,,
Fresno,"$3,000,000,000.00","$2,025,000,000.00",0.03,"$100,000,000.00","$50,000,000.00","$400,000,000.00","$75,000,000.00","$100,000,000.00","$45,000,000.00","$21,700,000","$375,000,000","$5,025,000,000.00","$725,000,000.00","$441,700,000.00",29.84%,"$1,600,442,666.67",,,,,,,,,
Sacramento,"$3,000,000,000.00","$2,175,000,000.00",0.03,"$100,000,000.00","$50,000,000.00","$400,000,000.00","$75,000,000.00","$100,000,000.00","$45,000,000.00","$21,700,000","$375,000,000","$5,175,000,000.00","$725,000,000.00","$441,700,000.00",29.84%,"$1,450,442,666.67",,,,,,,,,
Atlanta,"$3,000,000,000.00","$2,335,000,000.00",0.03,"$100,000,000.00","$50,000,000.00","$400,000,000.00","$75,000,000.00","$100,000,000.00","$45,000,000.00","$41,850,000","$375,000,000","$5,335,000,000.00","$725,000,000.00","$461,850,000.00",26.75%,"$1,090,245,833.33",,,,,,,,,
Mesa,"$3,000,000,000.00","$2,175,000,000.00",0.03,"$100,000,000.00","$50,000,000.00","$400,000,000.00","$75,000,000.00","$100,000,000.00","$45,000,000.00","$41,850,000","$375,000,000","$5,175,000,000.00","$725,000,000.00","$461,850,000.00",25.90%,"$1,324,805,000.00",,,,,,,,,
Kansas City,"$3,000,000,000.00","$2,175,000,000.00",0.03,"$100,000,000.00","$50,000,000.00","$400,000,000.00","$75,000,000.00","$100,000,000.00","$45,000,000.00","$41,850,000","$375,000,000","$5,175,000,000.00","$725,000,000.00","$461,850,000.00",25.00%,"$1,403,750,000.00",,,,,,,,,
Raleigh,"$3,000,000,000.00","$2,175,000,000.00",0.03,"$100,000,000.00","$50,000,000.00","$400,000,000.00","$75,000,000.00","$100,000,000.00","$45,000,000.00","$41,850,000","$375,000,000","$5,175,000,000.00","$725,000,000.00","$461,850,000.00",23.50%,"$1,535,325,000.00",,,,,,,,,
Colorado Springs,"$3,000,000,000.00","$2,075,000,000.00",0.03,"$100,000,000.00","$50,000,000.00","$400,000,000.00","$75,000,000.00","$100,000,000.00","$45,000,000.00","$21,700,000","$375,000,000","$5,075,000,000.00","$725,000,000.00","$441,700,000.00",25.40%,"$1,969,726,666.67",,,,,,,,,
Omaha,"$3,000,000,000.00","$2,075,000,000.00",0.03,"$100,000,000.00","$50,000,000.00","$400,000,000.00","$75,000,000.00","$100,000,000.00","$45,000,000.00","$21,700,000","$375,000,000","$5,075,000,000.00","$725,000,000.00","$441,700,000.00",28.25%,"$1,700,591,666.67",,,,,,,,,
Miami,"$3,000,000,000.00","$2,435,000,000.00",0.03,"$100,000,000.00","$50,000,000.00","$400,000,000.00","$75,000,000.00","$100,000,000.00","$45,000,000.00","$62,000,000","$375,000,000","$5,435,000,000.00","$725,000,000.00","$482,000,000.00",26.50%,"$518,500,000.00",,,,,,,,,
Virginia Beach,"$3,000,000,000.00","$2,075,000,000.00",0.03,"$100,000,000.00","$50,000,000.00","$400,000,000.00","$75,000,000.00","$100,000,000.00","$45,000,000.00","$21,700,000","$375,000,000","$5,075,000,000.00","$725,000,000.00","$441,700,000.00",27.00%,"$1,818,633,333.33",,,,,,,,,
Long Beach,"$3,000,000,000.00","$2,270,000,000.00",0.03,"$100,000,000.00","$50,000,000.00","$400,000,000.00","$75,000,000.00","$100,000,000.00","$45,000,000.00","$62,000,000","$375,000,000","$5,270,000,000.00","$725,000,000.00","$482,000,000.00",29.84%,"$412,960,000.00",,,,,,,,,
Oakland,"$3,000,000,000.00","$2,270,000,000.00",0.03,"$100,000,000.00","$50,000,000.00","$400,000,000.00","$75,000,000.00","$100,000,000.00","$45,000,000.00","$62,000,000","$375,000,000","$5,270,000,000.00","$725,000,000.00","$482,000,000.00",29.84%,"$412,960,000.00",,,,,,,,,
Minneapolis,"$3,000,000,000.00","$2,175,000,000.00",0.03,"$100,000,000.00","$50,000,000.00","$400,000,000.00","$75,000,000.00","$100,000,000.00","$45,000,000.00","$41,850,000","$375,000,000","$5,175,000,000.00","$725,000,000.00","$461,850,000.00",30.80%,"$894,993,333.33",,,,,,,,,
Bakersfield,"$3,000,000,000.00","$1,920,000,000.00",0.03,"$100,000,000.00","$50,000,000.00","$400,000,000.00","$75,000,000.00","$100,000,000.00","$45,000,000.00","$21,700,000","$375,000,000","$4,920,000,000.00","$725,000,000.00","$441,700,000.00",29.84%,"$1,705,442,666.67",,,,,,,,,
Tulsa,"$3,000,000,000.00","$1,920,000,000.00",0.03,"$100,000,000.00","$50,000,000.00","$400,000,000.00","$75,000,000.00","$100,000,000.00","$45,000,000.00","$21,700,000","$375,000,000","$4,920,000,000.00","$725,000,000.00","$441,700,000.00",25.00%,"$2,162,500,000.00",,,,,,,,,
Tampa,"$3,000,000,000.00","$2,175,000,000.00",0.03,"$100,000,000.00","$50,000,000.00","$400,000,000.00","$75,000,000.00","$100,000,000.00","$45,000,000.00","$41,850,000","$375,000,000","$5,175,000,000.00","$725,000,000.00","$461,850,000.00",26.50%,"$1,272,175,000.00",,,,,,,,,
Arlington,"$3,000,000,000.00","$2,175,000,000.00",0.03,"$100,000,000.00","$50,000,000.00","$400,000,000.00","$75,000,000.00","$100,000,000.00","$45,000,000.00","$41,850,000","$375,000,000","$5,175,000,000.00","$725,000,000.00","$461,850,000.00",21.00%,"$1,754,616,666.67",,,,,,,,,
Aurora,"$3,000,000,000.00","$2,075,000,000.00",0.03,"$100,000,000.00","$50,000,000.00","$400,000,000.00","$75,000,000.00","$100,000,000.00","$45,000,000.00","$41,850,000","$375,000,000","$5,075,000,000.00","$725,000,000.00","$461,850,000.00",25.40%,"$1,468,663,333.33",,,,,,,,,
Wichita,"$3,000,000,000.00","$1,920,000,000.00",0.03,"$100,000,000.00","$50,000,000.00","$400,000,000.00","$75,000,000.00","$100,000,000.00","$45,000,000.00","$21,700,000","$375,000,000","$4,920,000,000.00","$725,000,000.00","$441,700,000.00",28.00%,"$1,879,200,000.00",,,,,,,,,
Cleveland,"$3,000,000,000.00","$2,175,000,000.00",0.03,"$100,000,000.00","$50,000,000.00","$400,000,000.00","$75,000,000.00","$100,000,000.00","$45,000,000.00","$21,700,000","$375,000,000","$5,175,000,000.00","$725,000,000.00","$441,700,000.00",21.00%,"$2,285,233,333.33",,,,,,,,,
New Orleans,"$3,000,000,000.00","$2,075,000,000.00",0.03,"$100,000,000.00","$50,000,000.00","$400,000,000.00","$75,000,000.00","$100,000,000.00","$45,000,000.00","$21,700,000","$375,000,000","$5,075,000,000.00","$725,000,000.00","$441,700,000.00",28.50%,"$1,676,983,333.33",,,,,,,,,
Henderson,"$3,000,000,000.00","$2,150,000,000.00",0.03,"$100,000,000.00","$50,000,000.00","$400,000,000.00","$75,000,000.00","$100,000,000.00","$45,000,000.00","$41,850,000","$375,000,000","$5,150,000,000.00","$725,000,000.00","$461,850,000.00",21.00%,"$1,779,616,666.67",,,,,,,,,
Honolulu,"$3,000,000,000.00","$2,150,000,000.00",0.03,"$100,000,000.00","$50,000,000.00","$400,000,000.00","$75,000,000.00","$100,000,000.00","$45,000,000.00","$21,700,000","$375,000,000","$5,150,000,000.00","$725,000,000.00","$441,700,000.00",28.92%,"$1,562,321,333.33",,,,,,,,,
Anaheim,"$3,000,000,000.00","$2,250,000,000.00",0.03,"$100,000,000.00","$50,000,000.00","$400,000,000.00","$75,000,000.00","$100,000,000.00","$45,000,000.00","$62,000,000","$375,000,000","$5,250,000,000.00","$725,000,000.00","$482,000,000.00",29.84%,"$432,960,000.00",,,,,,,,,
Orlando,"$3,000,000,000.00","$2,175,000,000.00",0.03,"$100,000,000.00","$50,000,000.00","$400,000,000.00","$75,000,000.00","$100,000,000.00","$45,000,000.00","$41,850,000","$375,000,000","$5,175,000,000.00","$725,000,000.00","$461,850,000.00",26.50%,"$1,272,175,000.00",,,,,,,,,
Lexington,"$3,000,000,000.00","$2,075,000,000.00",0.03,"$100,000,000.00","$50,000,000.00","$400,000,000.00","$75,000,000.00","$100,000,000.00","$45,000,000.00","$21,700,000","$375,000,000","$5,075,000,000.00","$725,000,000.00","$441,700,000.00",26.00%,"$1,913,066,666.67",,,,,,,,,
Stockton,"$3,000,000,000.00","$1,920,000,000.00",0.03,"$100,000,000.00","$50,000,000.00","$400,000,000.00","$75,000,000.00","$100,000,000.00","$45,000,000.00","$21,700,000","$375,000,000","$4,920,000,000.00","$725,000,000.00","$441,700,000.00",29.84%,"$1,705,442,666.67",,,,,,,,,
Riverside,"$3,000,000,000.00","$2,175,000,000.00",0.03,"$100,000,000.00","$50,000,000.00","$400,000,000.00","$75,000,000.00","$100,000,000.00","$45,000,000.00","$21,700,000","$375,000,000","$5,175,000,000.00","$725,000,000.00","$441,700,000.00",29.84%,"$1,450,442,666.67",,,,,,,,,
Irvine,"$3,000,000,000.00","$1,905,080,459.77",0.03,"$100,000,000.00","$50,000,000.00","$400,000,000.00","$75,000,000.00","$100,000,000.00","$45,000,000.00","$62,000,000","$375,000,000","$4,905,080,459.77","$725,000,000.00","$482,000,000.00",29.84%,"$777,879,540.23",,,,,,,,,
Corpus Christi,"$3,000,000,000.00","$1,920,000,000.00",0.03,"$100,000,000.00","$50,000,000.00","$400,000,000.00","$75,000,000.00","$100,000,000.00","$45,000,000.00","$21,700,000","$375,000,000","$4,920,000,000.00","$725,000,000.00","$441,700,000.00",21.00%,"$2,540,233,333.33",,,,,,,,,
Newark,"$3,000,000,000.00","$2,250,000,000.00",0.03,"$100,000,000.00","$50,000,000.00","$400,000,000.00","$75,000,000.00","$100,000,000.00","$45,000,000.00","$21,700,000","$375,000,000","$5,250,000,000.00","$725,000,000.00","$441,700,000.00",32.50%,"$1,124,250,000.00",,,,,,,,,
Santa Ana,"$3,000,000,000.00","$2,250,000,000.00",0.03,"$100,000,000.00","$50,000,000.00","$400,000,000.00","$75,000,000.00","$100,000,000.00","$45,000,000.00","$62,000,000","$375,000,000","$5,250,000,000.00","$725,000,000.00","$482,000,000.00",29.84%,"$432,960,000.00",,,,,,,,,
Cincinnati,"$3,000,000,000.00","$2,075,000,000.00",0.03,"$100,000,000.00","$50,000,000.00","$400,000,000.00","$75,000,000.00","$100,000,000.00","$45,000,000.00","$21,700,000","$375,000,000","$5,075,000,000.00","$725,000,000.00","$441,700,000.00",22.80%,"$2,215,253,333.33",,,,,,,,,
Pittsburgh,"$3,000,000,000.00","$2,075,000,000.00",0.03,"$100,000,000.00","$50,000,000.00","$400,000,000.00","$75,000,000.00","$100,000,000.00","$45,000,000.00","$21,700,000","$375,000,000","$5,075,000,000.00","$725,000,000.00","$441,700,000.00",29.49%,"$1,583,494,333.33",,,,,,,,,
Saint Paul,"$3,000,000,000.00","$2,025,000,000.00",0.03,"$100,000,000.00","$50,000,000.00","$400,000,000.00","$75,000,000.00","$100,000,000.00","$45,000,000.00","$21,700,000","$375,000,000","$5,025,000,000.00","$725,000,000.00","$441,700,000.00",30.80%,"$1,509,786,666.67",,,,,,,,,
Greensboro,"$3,000,000,000.00","$2,075,000,000.00",0.03,"$100,000,000.00","$50,000,000.00","$400,000,000.00","$75,000,000.00","$100,000,000.00","$45,000,000.00","$21,700,000","$375,000,000","$5,075,000,000.00","$725,000,000.00","$441,700,000.00",23.50%,"$2,149,150,000.00",,,,,,,,,
Jersey City,"$3,000,000,000.00","$2,250,000,000.00",0.03,"$100,000,000.00","$50,000,000.00","$400,000,000.00","$75,000,000.00","$100,000,000.00","$45,000,000.00","$21,700,000","$375,000,000","$5,250,000,000.00","$725,000,000.00","$441,700,000.00",32.50%,"$1,124,250,000.00",,,,,,,,,
Durham,"$3,000,000,000.00","$2,025,000,000.00",0.03,"$100,000,000.00","$50,000,000.00","$400,000,000.00","$75,000,000.00","$100,000,000.00","$45,000,000.00","$21,700,000","$375,000,000","$5,025,000,000.00","$725,000,000.00","$441,700,000.00",23.50%,"$2,199,150,000.00",,,,,,,,,
Lincoln,"$3,000,000,000.00","$2,075,000,000.00",0.03,"$100,000,000.00","$50,000,000.00","$400,000,000.00","$75,000,000.00","$100,000,000.00","$45,000,000.00","$21,700,000","$375,000,000","$5,075,000,000.00","$725,000,000.00","$441,700,000.00",28.25%,"$1,700,591,666.67",,,,,,,,,
North Las Vegas,"$3,000,000,000.00","$2,025,000,000.00",0.03,"$100,000,000.00","$50,000,000.00","$400,000,000.00","$75,000,000.00","$100,000,000.00","$45,000,000.00","$41,850,000","$375,000,000","$5,025,000,000.00","$725,000,000.00","$461,850,000.00",21.00%,"$1,904,616,666.67",,,,,,,,,
Plano,"$3,000,000,000.00","$2,175,000,000.00",0.03,"$100,000,000.00","$50,000,000.00","$400,000,000.00","$75,000,000.00","$100,000,000.00","$45,000,000.00","$41,850,000","$375,000,000","$5,175,000,000.00","$725,000,000.00","$461,850,000.00",21.00%,"$1,754,616,666.67",,,,,,,,,
Anchorage,"$3,000,000,000.00","$1,805,000,000.00",0.03,"$100,000,000.00","$50,000,000.00","$400,000,000.00","$75,000,000.00","$100,000,000.00","$45,000,000.00","$21,700,000","$375,000,000","$4,805,000,000.00","$725,000,000.00","$441,700,000.00",30.40%,"$1,767,560,000.00",,,,,,,,,
Gilbert,"$3,000,000,000.00","$2,175,000,000.00",0.03,"$100,000,000.00","$50,000,000.00","$400,000,000.00","$75,000,000.00","$100,000,000.00","$45,000,000.00","$41,850,000","$375,000,000","$5,175,000,000.00","$725,000,000.00","$461,850,000.00",25.90%,"$1,324,805,000.00",,,,,,,,,
Madison,"$3,000,000,000.00","$2,075,000,000.00",0.03,"$100,000,000.00","$50,000,000.00","$400,000,000.00","$75,000,000.00","$100,000,000.00","$45,000,000.00","$21,700,000","$375,000,000","$5,075,000,000.00","$725,000,000.00","$441,700,000.00",28.90%,"$1,639,210,000.00",,,,,,,,,
Reno,"$3,000,000,000.00","$2,075,000,000.00",0.03,"$100,000,000.00","$50,000,000.00","$400,000,000.00","$75,000,000.00","$100,000,000.00","$45,000,000.00","$21,700,000","$375,000,000","$5,075,000,000.00","$725,000,000.00","$441,700,000.00",21.00%,"$2,385,233,333.33",,,,,,,,,
Chandler,"$3,000,000,000.00","$2,175,000,000.00",0.03,"$100,000,000.00","$50,000,000.00","$400,000,000.00","$75,000,000.00","$100,000,000.00","$45,000,000.00","$41,850,000","$375,000,000","$5,175,000,000.00","$725,000,000.00","$461,850,000.00",25.90%,"$1,324,805,000.00",,,,,,,,,
St. Louis,"$3,000,000,000.00","$1,905,080,459.77",0.03,"$100,000,000.00","$50,000,000.00","$400,000,000.00","$75,000,000.00","$100,000,000.00","$45,000,000.00","$21,700,000","$375,000,000","$4,905,080,459.77","$725,000,000.00","$441,700,000.00",26.00%,"$2,082,986,206.90",,,,,,,,,
Chula Vista,"$3,000,000,000.00","$2,150,000,000.00",0.03,"$100,000,000.00","$50,000,000.00","$400,000,000.00","$75,000,000.00","$100,000,000.00","$45,000,000.00","$62,000,000","$375,000,000","$5,150,000,000.00","$725,000,000.00","$482,000,000.00",29.84%,"$532,960,000.00",,,,,,,,,
Buffalo,"$3,000,000,000.00","$2,025,000,000.00",0.03,"$100,000,000.00","$50,000,000.00","$400,000,000.00","$75,000,000.00","$100,000,000.00","$45,000,000.00","$21,700,000","$375,000,000","$5,025,000,000.00","$725,000,000.00","$441,700,000.00",28.25%,"$1,750,591,666.67",,,,,,,,,
Fort Wayne,"$3,000,000,000.00","$1,920,000,000.00",0.03,"$100,000,000.00","$50,000,000.00","$400,000,000.00","$75,000,000.00","$100,000,000.00","$45,000,000.00","$21,700,000","$375,000,000","$4,920,000,000.00","$725,000,000.00","$441,700,000.00",25.90%,"$2,077,510,000.00",,,,,,,,,
Lubbock,"$3,000,000,000.00","$1,805,000,000.00",0.03,"$100,000,000.00","$50,000,000.00","$400,000,000.00","$75,000,000.00","$100,000,000.00","$45,000,000.00","$21,700,000","$375,000,000","$4,805,000,000.00","$725,000,000.00","$441,700,000.00",21.00%,"$2,655,233,333.33",,,,,,,,,
St. Petersburg,"$3,000,000,000.00","$2,025,000,000.00",0.03,"$100,000,000.00","$50,000,000.00","$400,000,000.00","$75,000,000.00","$100,000,000.00","$45,000,000.00","$21,700,000","$375,000,000","$5,025,000,000.00","$725,000,000.00","$441,700,000.00",26.50%,"$1,915,850,000.00",,,,,,,,,
Toledo,"$3,000,000,000.00","$1,805,000,000.00",0.03,"$100,000,000.00","$50,000,000.00","$400,000,000.00","$75,000,000.00","$100,000,000.00","$45,000,000.00","$21,700,000","$375,000,000","$4,805,000,000.00","$725,000,000.00","$441,700,000.00",21.00%,"$2,655,233,333.33",,,,,,,,,
Laredo,"$3,000,000,000.00","$1,805,000,000.00",0.03,"$100,000,000.00","$50,000,000.00","$400,000,000.00","$75,000,000.00","$100,000,000.00","$45,000,000.00","$21,700,000","$375,000,000","$4,805,000,000.00","$725,000,000.00","$441,700,000.00",21.00%,"$2,655,233,333.33",,,,,,,,,
Port St. Lucie,"$3,000,000,000.00","$1,920,000,000.00",0.03,"$100,000,000.00","$50,000,000.00","$400,000,000.00","$75,000,000.00","$100,000,000.00","$45,000,000.00","$21,700,000","$375,000,000","$4,920,000,000.00","$725,000,000.00","$441,700,000.00",26.50%,"$2,020,850,000.00",,,,,,,,,
Glendale,"$3,000,000,000.00","$2,025,000,000.00",0.03,"$100,000,000.00","$50,000,000.00","$400,000,000.00","$75,000,000.00","$100,000,000.00","$45,000,000.00","$21,700,000","$375,000,000","$5,025,000,000.00","$725,000,000.00","$441,700,000.00",25.90%,"$1,972,510,000.00",,,,,,,,,
Irving,"$3,000,000,000.00","$2,150,000,000.00",0.03,"$100,000,000.00","$50,000,000.00","$400,000,000.00","$75,000,000.00","$100,000,000.00","$45,000,000.00","$41,850,000","$375,000,000","$5,150,000,000.00","$725,000,000.00","$461,850,000.00",21.00%,"$1,779,616,666.67",,,,,,,,,
Winston-Salem,"$3,000,000,000.00","$1,920,000,000.00",0.03,"$100,000,000.00","$50,000,000.00","$400,000,000.00","$75,000,000.00","$100,000,000.00","$45,000,000.00","$21,700,000","$375,000,000","$4,920,000,000.00","$725,000,000.00","$441,700,000.00",23.50%,"$2,304,150,000.00",,,,,,,,,
Chesapeake,"$3,000,000,000.00","$1,920,000,000.00",0.03,"$100,000,000.00","$50,000,000.00","$400,000,000.00","$75,000,000.00","$100,000,000.00","$45,000,000.00","$21,700,000","$375,000,000","$4,920,000,000.00","$725,000,000.00","$441,700,000.00",27.00%,"$1,973,633,333.33",,,,,,,,,
Garland,"$3,000,000,000.00","$2,025,000,000.00",0.03,"$100,000,000.00","$50,000,000.00","$400,000,000.00","$75,000,000.00","$100,000,000.00","$45,000,000.00","$41,850,000","$375,000,000","$5,025,000,000.00","$725,000,000.00","$461,850,000.00",21.00%,"$1,904,616,666.67",,,,,,,,,
Scottsdale,"$3,000,000,000.00","$2,150,000,000.00",0.03,"$100,000,000.00","$50,000,000.00","$400,000,000.00","$75,000,000.00","$100,000,000.00","$45,000,000.00","$41,850,000","$375,000,000","$5,150,000,000.00","$725,000,000.00","$461,850,000.00",25.90%,"$1,349,805,000.00",,,,,,,,,
Boise,"$3,000,000,000.00","$1,920,000,000.00",0.03,"$100,000,000.00","$50,000,000.00","$400,000,000.00","$75,000,000.00","$100,000,000.00","$45,000,000.00","$21,700,000","$375,000,000","$4,920,000,000.00","$725,000,000.00","$441,700,000.00",27.00%,"$1,973,633,333.33",,,,,,,,,
Hialeah,"$3,000,000,000.00","$2,025,000,000.00",0.03,"$100,000,000.00","$50,000,000.00","$400,000,000.00","$75,000,000.00","$100,000,000.00","$45,000,000.00","$21,700,000","$375,000,000","$5,025,000,000.00","$725,000,000.00","$441,700,000.00",26.50%,"$1,915,850,000.00",,,,,,,,,
Frisco,"$3,000,000,000.00","$2,150,000,000.00",0.03,"$100,000,000.00","$50,000,000.00","$400,000,000.00","$75,000,000.00","$100,000,000.00","$45,000,000.00","$41,850,000","$375,000,000","$5,150,000,000.00","$725,000,000.00","$461,850,000.00",21.00%,"$1,779,616,666.67",,,,,,,,,
Richmond,"$3,000,000,000.00","$2,025,000,000.00",0.03,"$100,000,000.00","$50,000,000.00","$400,000,000.00","$75,000,000.00","$100,000,000.00","$45,000,000.00","$21,700,000","$375,000,000","$5,025,000,000.00","$725,000,000.00","$441,700,000.00",27.00%,"$1,868,633,333.33",,,,,,,,,
Cape Coral,"$3,000,000,000.00","$1,920,000,000.00",0.03,"$100,000,000.00","$50,000,000.00","$400,000,000.00","$75,000,000.00","$100,000,000.00","$45,000,000.00","$21,700,000","$375,000,000","$4,920,000,000.00","$725,000,000.00","$441,700,000.00",26.50%,"$2,020,850,000.00",,,,,,,,,
Norfolk,"$3,000,000,000.00","$1,920,000,000.00",0.03,"$100,000,000.00","$50,000,000.00","$400,000,000.00","$75,000,000.00","$100,000,000.00","$45,000,000.00","$21,700,000","$375,000,000","$4,920,000,000.00","$725,000,000.00","$441,700,000.00",27.00%,"$1,973,633,333.33",,,,,,,,,
Jakarta,"$3,000,000,000.00","$650,000,000.00",0.03,"$100,000,000.00","$50,000,000.00","$400,000,000.00","$75,000,000.00","$100,000,000.00","$45,000,000.00","$15,500,000","$375,000,000","$3,650,000,000.00","$725,000,000.00","$435,500,000.00",22.00%,"$3,877,000,000.00",,,,,,,,,
Dhaka,"$3,000,000,000.00","$650,000,000.00",0.03,"$100,000,000.00","$50,000,000.00","$400,000,000.00","$75,000,000.00","$100,000,000.00","$45,000,000.00","$15,500,000","$375,000,000","$3,650,000,000.00","$725,000,000.00","$435,500,000.00",27.50%,"$3,346,250,000.00",,,,,,,,,
Tokyo,"$3,000,000,000.00","$3,380,000,000.00",0.03,"$100,000,000.00","$50,000,000.00","$400,000,000.00","$75,000,000.00","$100,000,000.00","$45,000,000.00","$93,000,000","$375,000,000","$6,380,000,000.00","$725,000,000.00","$513,000,000.00",35.43%,"-$1,817,053,333.33",,,,,,,,,
Delhi,"$3,000,000,000.00","$650,000,000.00",0.03,"$100,000,000.00","$50,000,000.00","$400,000,000.00","$75,000,000.00","$100,000,000.00","$45,000,000.00","$15,500,000","$375,000,000","$3,650,000,000.00","$725,000,000.00","$435,500,000.00",34.94%,"$2,628,290,000.00",,,,,,,,,
Shanghai,"$3,000,000,000.00","$3,340,000,000.00",0.03,"$100,000,000.00","$50,000,000.00","$400,000,000.00","$75,000,000.00","$100,000,000.00","$45,000,000.00","$46,500,000","$375,000,000","$6,340,000,000.00","$725,000,000.00","$466,500,000.00",25.00%,"$122,500,000.00",,,,,,,,,
Guangzhou,"$3,000,000,000.00","$2,620,000,000.00",0.03,"$100,000,000.00","$50,000,000.00","$400,000,000.00","$75,000,000.00","$100,000,000.00","$45,000,000.00","$15,500,000","$375,000,000","$5,620,000,000.00","$725,000,000.00","$435,500,000.00",25.00%,"$1,617,500,000.00",,,,,,,,,
Cairo,"$3,000,000,000.00","$650,000,000.00",0.03,"$100,000,000.00","$50,000,000.00","$400,000,000.00","$75,000,000.00","$100,000,000.00","$45,000,000.00","$15,500,000","$375,000,000","$3,650,000,000.00","$725,000,000.00","$435,500,000.00",22.50%,"$3,828,750,000.00",,,,,,,,,
Manila,"$3,000,000,000.00","$650,000,000.00",0.03,"$100,000,000.00","$50,000,000.00","$400,000,000.00","$75,000,000.00","$100,000,000.00","$45,000,000.00","$15,500,000","$375,000,000","$3,650,000,000.00","$725,000,000.00","$435,500,000.00",25.00%,"$3,587,500,000.00",,,,,,,,,
Kolkata,"$3,000,000,000.00","$650,000,000.00",0.03,"$100,000,000.00","$50,000,000.00","$400,000,000.00","$75,000,000.00","$100,000,000.00","$45,000,000.00","$15,500,000","$375,000,000","$3,650,000,000.00","$725,000,000.00","$435,500,000.00",34.94%,"$2,628,290,000.00",,,,,,,,,
Seoul,"$3,000,000,000.00","$3,340,000,000.00",0.03,"$100,000,000.00","$50,000,000.00","$400,000,000.00","$75,000,000.00","$100,000,000.00","$45,000,000.00","$46,500,000","$375,000,000","$6,340,000,000.00","$725,000,000.00","$466,500,000.00",26.40%,"$1,866,666.67",,,,,,,,,
Karachi,"$3,000,000,000.00","$650,000,000.00",0.03,"$100,000,000.00","$50,000,000.00","$400,000,000.00","$75,000,000.00","$100,000,000.00","$45,000,000.00","$15,500,000","$375,000,000","$3,650,000,000.00","$725,000,000.00","$435,500,000.00",29.00%,"$3,201,500,000.00",,,,,,,,,
Mumbai,"$3,000,000,000.00","$650,000,000.00",0.03,"$100,000,000.00","$50,000,000.00","$400,000,000.00","$75,000,000.00","$100,000,000.00","$45,000,000.00","$15,500,000","$375,000,000","$3,650,000,000.00","$725,000,000.00","$435,500,000.00",34.94%,"$2,628,290,000.00",,,,,,,,,
São Paulo,"$3,000,000,000.00","$2,075,000,000.00",0.03,"$100,000,000.00","$50,000,000.00","$400,000,000.00","$75,000,000.00","$100,000,000.00","$45,000,000.00","$15,500,000","$375,000,000","$5,075,000,000.00","$725,000,000.00","$435,500,000.00",34.00%,"$1,294,000,000.00",,,,,,,,,
Bangkok,"$3,000,000,000.00","$837,000,000.00",0.03,"$100,000,000.00","$50,000,000.00","$400,000,000.00","$75,000,000.00","$100,000,000.00","$45,000,000.00","$15,500,000","$375,000,000","$3,837,000,000.00","$725,000,000.00","$435,500,000.00",20.00%,"$3,883,000,000.00",,,,,,,,,
Mexico City,"$3,000,000,000.00","$2,175,000,000.00",0.03,"$100,000,000.00","$50,000,000.00","$400,000,000.00","$75,000,000.00","$100,000,000.00","$45,000,000.00","$15,500,000","$375,000,000","$5,175,000,000.00","$725,000,000.00","$435,500,000.00",30.00%,"$1,580,000,000.00",,,,,,,,,
Beijing,"$3,000,000,000.00","$2,620,000,000.00",0.03,"$100,000,000.00","$50,000,000.00","$400,000,000.00","$75,000,000.00","$100,000,000.00","$45,000,000.00","$46,500,000","$375,000,000","$5,620,000,000.00","$725,000,000.00","$466,500,000.00",25.00%,"$842,500,000.00",,,,,,,,,
Lahore,"$3,000,000,000.00","$650,000,000.00",0.03,"$100,000,000.00","$50,000,000.00","$400,000,000.00","$75,000,000.00","$100,000,000.00","$45,000,000.00","$15,500,000","$375,000,000","$3,650,000,000.00","$725,000,000.00","$435,500,000.00",29.00%,"$3,201,500,000.00",,,,,,,,,
Istanbul,"$3,000,000,000.00","$1,980,000,000.00",0.03,"$100,000,000.00","$50,000,000.00","$400,000,000.00","$75,000,000.00","$100,000,000.00","$45,000,000.00","$15,500,000","$375,000,000","$4,980,000,000.00","$725,000,000.00","$435,500,000.00",25.00%,"$2,257,500,000.00",,,,,,,,,
Moscow,"$3,000,000,000.00","$2,270,000,000.00",0.03,"$100,000,000.00","$50,000,000.00","$400,000,000.00","$75,000,000.00","$100,000,000.00","$45,000,000.00","$46,500,000","$375,000,000","$5,270,000,000.00","$725,000,000.00","$466,500,000.00",20.00%,"$1,623,333,333.33",,,,,,,,,
Ho Chi Minh City,"$3,000,000,000.00","$837,000,000.00",0.03,"$100,000,000.00","$50,000,000.00","$400,000,000.00","$75,000,000.00","$100,000,000.00","$45,000,000.00","$15,500,000","$375,000,000","$3,837,000,000.00","$725,000,000.00","$435,500,000.00",20.00%,"$3,883,000,000.00",,,,,,,,,
Buenos Aires,"$3,000,000,000.00","$1,980,000,000.00",0.03,"$100,000,000.00","$50,000,000.00","$400,000,000.00","$75,000,000.00","$100,000,000.00","$45,000,000.00","$15,500,000","$375,000,000","$4,980,000,000.00","$725,000,000.00","$435,500,000.00",35.00%,"$1,292,500,000.00",,,,,,,,,
Shenzhen,"$3,000,000,000.00","$2,620,000,000.00",0.03,"$100,000,000.00","$50,000,000.00","$400,000,000.00","$75,000,000.00","$100,000,000.00","$45,000,000.00","$15,500,000","$375,000,000","$5,620,000,000.00","$725,000,000.00","$435,500,000.00",25.00%,"$1,617,500,000.00",,,,,,,,,
Bengaluru,"$3,000,000,000.00","$650,000,000.00",0.03,"$100,000,000.00","$50,000,000.00","$400,000,000.00","$75,000,000.00","$100,000,000.00","$45,000,000.00","$15,500,000","$375,000,000","$3,650,000,000.00","$725,000,000.00","$435,500,000.00",34.94%,"$2,628,290,000.00",,,,,,,,,
Osaka,"$3,000,000,000.00","$2,520,000,000.00",0.03,"$100,000,000.00","$50,000,000.00","$400,000,000.00","$75,000,000.00","$100,000,000.00","$45,000,000.00","$15,500,000","$375,000,000","$5,520,000,000.00","$725,000,000.00","$435,500,000.00",35.43%,"$711,005,000.00",,,,,,,,,
Lagos,"$3,000,000,000.00","$650,000,000.00",0.03,"$100,000,000.00","$50,000,000.00","$400,000,000.00","$75,000,000.00","$100,000,000.00","$45,000,000.00","$15,500,000","$375,000,000","$3,650,000,000.00","$725,000,000.00","$435,500,000.00",30.00%,"$3,105,000,000.00",,,,,,,,,
Luanda,"$3,000,000,000.00","$650,000,000.00",0.03,"$100,000,000.00","$50,000,000.00","$400,000,000.00","$75,000,000.00","$100,000,000.00","$45,000,000.00","$15,500,000","$375,000,000","$3,650,000,000.00","$725,000,000.00","$435,500,000.00",25.00%,"$3,587,500,000.00",,,,,,,,,
Chennai,"$3,000,000,000.00","$650,000,000.00",0.03,"$100,000,000.00","$50,000,000.00","$400,000,000.00","$75,000,000.00","$100,000,000.00","$45,000,000.00","$15,500,000","$375,000,000","$3,650,000,000.00","$725,000,000.00","$435,500,000.00",34.94%,"$2,628,290,000.00",,,,,,,,,
Kinshasa,"$3,000,000,000.00","$650,000,000.00",0.03,"$100,000,000.00","$50,000,000.00","$400,000,000.00","$75,000,000.00","$100,000,000.00","$45,000,000.00","$15,500,000","$375,000,000","$3,650,000,000.00","$725,000,000.00","$435,500,000.00",30.00%,"$3,105,000,000.00",,,,,,,,,
Bogotá,"$3,000,000,000.00","$1,980,000,000.00",0.03,"$100,000,000.00","$50,000,000.00","$400,000,000.00","$75,000,000.00","$100,000,000.00","$45,000,000.00","$15,500,000","$375,000,000","$4,980,000,000.00","$725,000,000.00","$435,500,000.00",35.00%,"$1,292,500,000.00",,,,,,,,,
Lima,"$3,000,000,000.00","$1,980,000,000.00",0.03,"$100,000,000.00","$50,000,000.00","$400,000,000.00","$75,000,000.00","$100,000,000.00","$45,000,000.00","$15,500,000","$375,000,000","$4,980,000,000.00","$725,000,000.00","$435,500,000.00",29.50%,"$1,823,250,000.00",,,,,,,,,
London,"$3,000,000,000.00","$2,945,000,000.00",0.03,"$100,000,000.00","$50,000,000.00","$400,000,000.00","$75,000,000.00","$100,000,000.00","$45,000,000.00","$93,000,000","$375,000,000","$5,945,000,000.00","$725,000,000.00","$513,000,000.00",25.00%,"-$645,000,000.00",,,,,,,,,
Rio de Janeiro,"$3,000,000,000.00","$2,075,000,000.00",0.03,"$100,000,000.00","$50,000,000.00","$400,000,000.00","$75,000,000.00","$100,000,000.00","$45,000,000.00","$15,500,000","$375,000,000","$5,075,000,000.00","$725,000,000.00","$435,500,000.00",34.00%,"$1,294,000,000.00",,,,,,,,,
Paris,"$3,000,000,000.00","$2,535,000,000.00",0.03,"$100,000,000.00","$50,000,000.00","$400,000,000.00","$75,000,000.00","$100,000,000.00","$45,000,000.00","$93,000,000","$375,000,000","$5,535,000,000.00","$725,000,000.00","$513,000,000.00",25.82%,"-$292,946,666.67",,,,,,,,,
Hyderabad,"$3,000,000,000.00","$650,000,000.00",0.03,"$100,000,000.00","$50,000,000.00","$400,000,000.00","$75,000,000.00","$100,000,000.00","$45,000,000.00","$15,500,000","$375,000,000","$3,650,000,000.00","$725,000,000.00","$435,500,000.00",34.94%,"$2,628,290,000.00",,,,,,,,,
Tehran,"$3,000,000,000.00","$650,000,000.00",0.03,"$100,000,000.00","$50,000,000.00","$400,000,000.00","$75,000,000.00","$100,000,000.00","$45,000,000.00","$15,500,000","$375,000,000","$3,650,000,000.00","$725,000,000.00","$435,500,000.00",25.00%,"$3,587,500,000.00",,,,,,,,,
Bandung,"$3,000,000,000.00","$650,000,000.00",0.03,"$100,000,000.00","$50,000,000.00","$400,000,000.00","$75,000,000.00","$100,000,000.00","$45,000,000.00","$15,500,000","$375,000,000","$3,650,000,000.00","$725,000,000.00","$435,500,000.00",22.00%,"$3,877,000,000.00",,,,,,,,,
Kuala Lumpur,"$3,000,000,000.00","$1,905,080,459.77",0.03,"$100,000,000.00","$50,000,000.00","$400,000,000.00","$75,000,000.00","$100,000,000.00","$45,000,000.00","$15,500,000","$375,000,000","$4,905,080,459.77","$725,000,000.00","$435,500,000.00",24.00%,"$2,428,919,540.23",,,,,,,,,
Dar es Salaam,"$3,000,000,000.00","$1,905,080,459.77",0.03,"$100,000,000.00","$50,000,000.00","$400,000,000.00","$75,000,000.00","$100,000,000.00","$45,000,000.00","$15,500,000","$375,000,000","$4,905,080,459.77","$725,000,000.00","$435,500,000.00",30.00%,"$1,849,919,540.23",,,,,,,,,
Suzhou,"$3,000,000,000.00","$2,175,000,000.00",0.03,"$100,000,000.00","$50,000,000.00","$400,000,000.00","$75,000,000.00","$100,000,000.00","$45,000,000.00","$15,500,000","$375,000,000","$5,175,000,000.00","$725,000,000.00","$435,500,000.00",25.00%,"$2,062,500,000.00",,,,,,,,,
Ahmedabad,"$3,000,000,000.00","$650,000,000.00",0.03,"$100,000,000.00","$50,000,000.00","$400,000,000.00","$75,000,000.00","$100,000,000.00","$45,000,000.00","$15,500,000","$375,000,000","$3,650,000,000.00","$725,000,000.00","$435,500,000.00",34.94%,"$2,628,290,000.00",,,,,,,,,
Hangzhou,"$3,000,000,000.00","$2,175,000,000.00",0.03,"$100,000,000.00","$50,000,000.00","$400,000,000.00","$75,000,000.00","$100,000,000.00","$45,000,000.00","$15,500,000","$375,000,000","$5,175,000,000.00","$725,000,000.00","$435,500,000.00",25.00%,"$2,062,500,000.00",,,,,,,,,
Wuhan,"$3,000,000,000.00","$2,075,000,000.00",0.03,"$100,000,000.00","$50,000,000.00","$400,000,000.00","$75,000,000.00","$100,000,000.00","$45,000,000.00","$15,500,000","$375,000,000","$5,075,000,000.00","$725,000,000.00","$435,500,000.00",25.00%,"$2,162,500,000.00",,,,,,,,,
Tianjin,"$3,000,000,000.00","$2,075,000,000.00",0.03,"$100,000,000.00","$50,000,000.00","$400,000,000.00","$75,000,000.00","$100,000,000.00","$45,000,000.00","$15,500,000","$375,000,000","$5,075,000,000.00","$725,000,000.00","$435,500,000.00",25.00%,"$2,162,500,000.00",,,,,,,,,
Alexandria,"$3,000,000,000.00","$650,000,000.00",0.03,"$100,000,000.00","$50,000,000.00","$400,000,000.00","$75,000,000.00","$100,000,000.00","$45,000,000.00","$15,500,000","$375,000,000","$3,650,000,000.00","$725,000,000.00","$435,500,000.00",22.50%,"$3,828,750,000.00",,,,,,,,,
Nagoya,"$3,000,000,000.00","$2,270,000,000.00",0.03,"$100,000,000.00","$50,000,000.00","$400,000,000.00","$75,000,000.00","$100,000,000.00","$45,000,000.00","$46,500,000","$375,000,000","$5,270,000,000.00","$725,000,000.00","$466,500,000.00",35.43%,"$293,781,666.67",,,,,,,,,
Johannesburg,"$3,000,000,000.00","$1,980,000,000.00",0.03,"$100,000,000.00","$50,000,000.00","$400,000,000.00","$75,000,000.00","$100,000,000.00","$45,000,000.00","$15,500,000","$375,000,000","$4,980,000,000.00","$725,000,000.00","$435,500,000.00",27.00%,"$2,064,500,000.00",,,,,,,,,
Chongqing,"$3,000,000,000.00","$1,980,000,000.00",0.03,"$100,000,000.00","$50,000,000.00","$400,000,000.00","$75,000,000.00","$100,000,000.00","$45,000,000.00","$15,500,000","$375,000,000","$4,980,000,000.00","$725,000,000.00","$435,500,000.00",25.00%,"$2,257,500,000.00",,,,,,,,,
Riyadh,"$3,000,000,000.00","$2,175,000,000.00",0.03,"$100,000,000.00","$50,000,000.00","$400,000,000.00","$75,000,000.00","$100,000,000.00","$45,000,000.00","$15,500,000","$375,000,000","$5,175,000,000.00","$725,000,000.00","$435,500,000.00",20.00%,"$2,545,000,000.00",,,,,,,,,
Surat,"$3,000,000,000.00","$650,000,000.00",0.03,"$100,000,000.00","$50,000,000.00","$400,000,000.00","$75,000,000.00","$100,000,000.00","$45,000,000.00","$15,500,000","$375,000,000","$3,650,000,000.00","$725,000,000.00","$435,500,000.00",34.94%,"$2,628,290,000.00",,,,,,,,,
Surabaya,"$3,000,000,000.00","$650,000,000.00",0.03,"$100,000,000.00","$50,000,000.00","$400,000,000.00","$75,000,000.00","$100,000,000.00","$45,000,000.00","$15,500,000","$375,000,000","$3,650,000,000.00","$725,000,000.00","$435,500,000.00",22.00%,"$3,877,000,000.00",,,,,,,,,
Pune,"$3,000,000,000.00","$650,000,000.00",0.03,"$100,000,000.00","$50,000,000.00","$400,000,000.00","$75,000,000.00","$100,000,000.00","$45,000,000.00","$15,500,000","$375,000,000","$3,650,000,000.00","$725,000,000.00","$435,500,000.00",34.94%,"$2,628,290,000.00",,,,,,,,,
Khartoum,"$3,000,000,000.00","$650,000,000.00",0.03,"$100,000,000.00","$50,000,000.00","$400,000,000.00","$75,000,000.00","$100,000,000.00","$45,000,000.00","$15,500,000","$375,000,000","$3,650,000,000.00","$725,000,000.00","$435,500,000.00",15.00%,"$4,552,500,000.00",,,,,,,,,
Nanjing,"$3,000,000,000.00","$2,075,000,000.00",0.03,"$100,000,000.00","$50,000,000.00","$400,000,000.00","$75,000,000.00","$100,000,000.00","$45,000,000.00","$46,500,000","$375,000,000","$5,075,000,000.00","$725,000,000.00","$466,500,000.00",25.00%,"$1,387,500,000.00",,,,,,,,,
Santiago,"$3,000,000,000.00","$2,075,000,000.00",0.03,"$100,000,000.00","$50,000,000.00","$400,000,000.00","$75,000,000.00","$100,000,000.00","$45,000,000.00","$15,500,000","$375,000,000","$5,075,000,000.00","$725,000,000.00","$435,500,000.00",27.00%,"$1,969,500,000.00",,,,,,,,,
Chengdu,"$3,000,000,000.00","$2,075,000,000.00",0.03,"$100,000,000.00","$50,000,000.00","$400,000,000.00","$75,000,000.00","$100,000,000.00","$45,000,000.00","$15,500,000","$375,000,000","$5,075,000,000.00","$725,000,000.00","$435,500,000.00",25.00%,"$2,162,500,000.00",,,,,,,,,
Xi'an,"$3,000,000,000.00","$1,980,000,000.00",0.03,"$100,000,000.00","$50,000,000.00","$400,000,000.00","$75,000,000.00","$100,000,000.00","$45,000,000.00","$15,500,000","$375,000,000","$4,980,000,000.00","$725,000,000.00","$435,500,000.00",25.00%,"$2,257,500,000.00",,,,,,,,,
Hong Kong,"$3,000,000,000.00","$3,555,000,000.00",0.03,"$100,000,000.00","$50,000,000.00","$400,000,000.00","$75,000,000.00","$100,000,000.00","$45,000,000.00","$93,000,000","$375,000,000","$6,555,000,000.00","$725,000,000.00","$513,000,000.00",16.50%,"-$654,333,333.33",,,,,,,,,
Dongguan,"$3,000,000,000.00","$2,075,000,000.00",0.03,"$100,000,000.00","$50,000,000.00","$400,000,000.00","$75,000,000.00","$100,000,000.00","$45,000,000.00","$15,500,000","$375,000,000","$5,075,000,000.00","$725,000,000.00","$435,500,000.00",25.00%,"$2,162,500,000.00",,,,,,,,,
Foshan,"$3,000,000,000.00","$2,075,000,000.00",0.03,"$100,000,000.00","$50,000,000.00","$400,000,000.00","$75,000,000.00","$100,000,000.00","$45,000,000.00","$15,500,000","$375,000,000","$5,075,000,000.00","$725,000,000.00","$435,500,000.00",25.00%,"$2,162,500,000.00",,,,,,,,,
Shenyang,"$3,000,000,000.00","$1,980,000,000.00",0.03,"$100,000,000.00","$50,000,000.00","$400,000,000.00","$75,000,000.00","$100,000,000.00","$45,000,000.00","$15,500,000","$375,000,000","$4,980,000,000.00","$725,000,000.00","$435,500,000.00",25.00%,"$2,257,500,000.00",,,,,,,,,
Baghdad,"$3,000,000,000.00","$650,000,000.00",0.03,"$100,000,000.00","$50,000,000.00","$400,000,000.00","$75,000,000.00","$100,000,000.00","$45,000,000.00","$15,500,000","$375,000,000","$3,650,000,000.00","$725,000,000.00","$435,500,000.00",15.00%,"$4,552,500,000.00",,,,,,,,,
Madrid,"$3,000,000,000.00","$2,435,000,000.00",0.03,"$100,000,000.00","$50,000,000.00","$400,000,000.00","$75,000,000.00","$100,000,000.00","$45,000,000.00","$46,500,000","$375,000,000","$5,435,000,000.00","$725,000,000.00","$466,500,000.00",25.00%,"$1,027,500,000.00",,,,,,,,,
Harbin,"$3,000,000,000.00","$1,875,000,000.00",0.03,"$100,000,000.00","$50,000,000.00","$400,000,000.00","$75,000,000.00","$100,000,000.00","$45,000,000.00","$15,500,000","$375,000,000","$4,875,000,000.00","$725,000,000.00","$435,500,000.00",25.00%,"$2,362,500,000.00",,,,,,,,,
Toronto,"$3,000,000,000.00","$2,435,000,000.00",0.03,"$100,000,000.00","$50,000,000.00","$400,000,000.00","$75,000,000.00","$100,000,000.00","$45,000,000.00","$46,500,000","$375,000,000","$5,435,000,000.00","$725,000,000.00","$466,500,000.00",26.50%,"$898,250,000.00",,,,,,,,,
Belo Horizonte,"$3,000,000,000.00","$1,905,080,459.77",0.03,"$100,000,000.00","$50,000,000.00","$400,000,000.00","$75,000,000.00","$100,000,000.00","$45,000,000.00","$15,500,000","$375,000,000","$4,905,080,459.77","$725,000,000.00","$435,500,000.00",34.00%,"$1,463,919,540.23",,,,,,,,,
Singapore,"$3,000,000,000.00","$3,440,000,000.00",0.03,"$100,000,000.00","$50,000,000.00","$400,000,000.00","$75,000,000.00","$100,000,000.00","$45,000,000.00","$93,000,000","$375,000,000","$6,440,000,000.00","$725,000,000.00","$513,000,000.00",17.00%,"-$574,666,666.67",,,,,,,,,
Fukuoka,"$3,000,000,000.00","$2,175,000,000.00",0.03,"$100,000,000.00","$50,000,000.00","$400,000,000.00","$75,000,000.00","$100,000,000.00","$45,000,000.00","$15,500,000","$375,000,000","$5,175,000,000.00","$725,000,000.00","$435,500,000.00",35.43%,"$1,056,005,000.00",,,,,,,,,
Barcelona,"$3,000,000,000.00","$2,435,000,000.00",0.03,"$100,000,000.00","$50,000,000.00","$400,000,000.00","$75,000,000.00","$100,000,000.00","$45,000,000.00","$46,500,000","$375,000,000","$5,435,000,000.00","$725,000,000.00","$466,500,000.00",25.00%,"$1,027,500,000.00",,,,,,,,,
Saint Petersburg,"$3,000,000,000.00","$1,905,080,459.77",0.03,"$100,000,000.00","$50,000,000.00","$400,000,000.00","$75,000,000.00","$100,000,000.00","$45,000,000.00","$46,500,000","$375,000,000","$4,905,080,459.77","$725,000,000.00","$466,500,000.00",20.00%,"$1,988,252,873.56",,,,,,,,,
Qingdao,"$3,000,000,000.00","$1,980,000,000.00",0.03,"$100,000,000.00","$50,000,000.00","$400,000,000.00","$75,000,000.00","$100,000,000.00","$45,000,000.00","$15,500,000","$375,000,000","$4,980,000,000.00","$725,000,000.00","$435,500,000.00",25.00%,"$2,257,500,000.00",,,,,,,,,
Dalian,"$3,000,000,000.00","$1,980,000,000.00",0.03,"$100,000,000.00","$50,000,000.00","$400,000,000.00","$75,000,000.00","$100,000,000.00","$45,000,000.00","$46,500,000","$375,000,000","$4,980,000,000.00","$725,000,000.00","$466,500,000.00",25.00%,"$1,482,500,000.00",,,,,,,,,
Yangon,"$3,000,000,000.00","$650,000,000.00",0.03,"$100,000,000.00","$50,000,000.00","$400,000,000.00","$75,000,000.00","$100,000,000.00","$45,000,000.00","$15,500,000","$375,000,000","$3,650,000,000.00","$725,000,000.00","$435,500,000.00",25.00%,"$3,587,500,000.00",,,,,,,,,
Jinan,"$3,000,000,000.00","$1,980,000,000.00",0.03,"$100,000,000.00","$50,000,000.00","$400,000,000.00","$75,000,000.00","$100,000,000.00","$45,000,000.00","$15,500,000","$375,000,000","$4,980,000,000.00","$725,000,000.00","$435,500,000.00",25.00%,"$2,257,500,000.00",,,,,,,,,
Guadalajara,"$3,000,000,000.00","$2,075,000,000.00",0.03,"$100,000,000.00","$50,000,000.00","$400,000,000.00","$75,000,000.00","$100,000,000.00","$45,000,000.00","$15,500,000","$375,000,000","$5,075,000,000.00","$725,000,000.00","$435,500,000.00",30.00%,"$1,680,000,000.00",,,,,,,,,
,,,,,,,,,,,,,,,,,,,,,,,,,
,,,,,,,,,,,,,,,,,,,,,,,,,
,,,,,,,,,,,,,,,,,,,,,,,,,
,,,,,,,,,,,,,,,,,,,,,,,,,
,,,,,,,,,,,,,,,,,,,,,,,,,
,,,,,,,,,,,,,,,,,,,,,,,,,
,,,,,,,,,,,,,,,,,,,,,,,,,
,,,,,,,,,,,,,,,,,,,,,,,,,
,,,,,,,,,,,,,,,,,,,,,,,,,
,,,,,,,,,,,,,,,,,,,,,,,,,
,,,,,,,,,,,,,,,,,,,,,,,,,
,,,,,,,,,,,,,,,,,,,,,,,,,
,,,,,,,,,,,,,,,,,,,,,,,,,
,,,,,,,,,,,,,,,,,,,,,,,,,
,,,,,,,,,,,,,,,,,,,,,,,,,
,,,,,,,,,,,,,,,,,,,,,,,,,
,,,,,,,,,,,,,,,,,,,,,,,,,
,,,,,,,,,,,,,,,,,,,,,,,,,
,,,,,,,,,,,,,,,,,,,,,,,,,
,,,,,,,,,,,,,,,,,,,,,,,,,
,,,,,,,,,,,,,,,,,,,,,,,,,
,,,,,,,,,,,,,,,,,,,,,,,,,
,,,,,,,,,,,,,,,,,,,,,,,,,
,,,,,,,,,,,,,,,,,,,,,,,,,
,,,,,,,,,,,,,,,,,,,,,,,,,
,,,,,,,,,,,,,,,,,,,,,,,,,
,,,,,,,,,,,,,,,,,,,,,,,,,
,,,,,,,,,,,,,,,,,,,,,,,,,
,,,,,,,,,,,,,,,,,,,,,,,,,
,,,,,,,,,,,,,,,,,,,,,,,,,
,,,,,,,,,,,,,,,,,,,,,,,,,
,,,,,,,,,,,,,,,,,,,,,,,,,
,,,,,,,,,,,,,,,,,,,,,,,,,
,,,,,,,,,,,,,,,,,,,,,,,,,
,,,,,,,,,,,,,,,,,,,,,,,,,
,,,,,,,,,,,,,,,,,,,,,,,,,
,,,,,,,,,,,,,,,,,,,,,,,,,
,,,,,,,,,,,,,,,,,,,,,,,,,
,,,,,,,,,,,,,,,,,,,,,,,,,
,,,,,,,,,,,,,,,,,,,,,,,,,
,,,,,,,,,,,,,,,,,,,,,,,,,
,,,,,,,,,,,,,,,,,,,,,,,,,
,,,,,,,,,,,,,,,,,,,,,,,,,
,,,,,,,,,,,,,,,,,,,,,,,,,
,,,,,,,,,,,,,,,,,,,,,,,,,
,,,,,,,,,,,,,,,,,,,,,,,,,
,,,,,,,,,,,,,,,,,,,,,,,,,
,,,,,,,,,,,,,,,,,,,,,,,,,
,,,,,,,,,,,,,,,,,,,,,,,,,
,,,,,,,,,,,,,,,,,,,,,,,,,
,,,,,,,,,,,,,,,,,,,,,,,,,
,,,,,,,,,,,,,,,,,,,,,,,,,
,,,,,,,,,,,,,,,,,,,,,,,,,
,,,,,,,,,,,,,,,,,,,,,,,,,
,,,,,,,,,,,,,,,,,,,,,,,,,
,,,,,,,,,,,,,,,,,,,,,,,,,
,,,,,,,,,,,,,,,,,,,,,,,,,
,,,,,,,,,,,,,,,,,,,,,,,,,
,,,,,,,,,,,,,,,,,,,,,,,,,
,,,,,,,,,,,,,,,,,,,,,,,,,
,,,,,,,,,,,,,,,,,,,,,,,,,
,,,,,,,,,,,,,,,,,,,,,,,,,
,,,,,,,,,,,,,,,,,,,,,,,,,
,,,,,,,,,,,,,,,,,,,,,,,,,
,,,,,,,,,,,,,,,,,,,,,,,,,
,,,,,,,,,,,,,,,,,,,,,,,,,
,,,,,,,,,,,,,,,,,,,,,,,,,
,,,,,,,,,,,,,,,,,,,,,,,,,
,,,,,,,,,,,,,,,,,,,,,,,,,
,,,,,,,,,,,,,,,,,,,,,,,,,
,,,,,,,,,,,,,,,,,,,,,,,,,
,,,,,,,,,,,,,,,,,,,,,,,,,
,,,,,,,,,,,,,,,,,,,,,,,,,
,,,,,,,,,,,,,,,,,,,,,,,,,
,,,,,,,,,,,,,,,,,,,,,,,,,
,,,,,,,,,,,,,,,,,,,,,,,,,
,,,,,,,,,,,,,,,,,,,,,,,,,
,,,,,,,,,,,,,,,,,,,,,,,,,
,,,,,,,,,,,,,,,,,,,,,,,,,
,,,,,,,,,,,,,,,,,,,,,,,,,
,,,,,,,,,,,,,,,,,,,,,,,,,
,,,,,,,,,,,,,,,,,,,,,,,,,
,,,,,,,,,,,,,,,,,,,,,,,,,
,,,,,,,,,,,,,,,,,,,,,,,,,
,,,,,,,,,,,,,,,,,,,,,,,,,
,,,,,,,,,,,,,,,,,,,,,,,,,
,,,,,,,,,,,,,,,,,,,,,,,,,
,,,,,,,,,,,,,,,,,,,,,,,,,
,,,,,,,,,,,,,,,,,,,,,,,,,
,,,,,,,,,,,,,,,,,,,,,,,,,
,,,,,,,,,,,,,,,,,,,,,,,,,
,,,,,,,,,,,,,,,,,,,,,,,,,
,,,,,,,,,,,,,,,,,,,,,,,,,
,,,,,,,,,,,,,,,,,,,,,,,,,
,,,,,,,,,,,,,,,,,,,,,,,,,
,,,,,,,,,,,,,,,,,,,,,,,,,
,,,,,,,,,,,,,,,,,,,,,,,,,
,,,,,,,,,,,,,,,,,,,,,,,,,
,,,,,,,,,,,,,,,,,,,,,,,,,
,,,,,,,,,,,,,,,,,,,,,,,,,
,,,,,,,,,,,,,,,,,,,,,,,,,
,,,,,,,,,,,,,,,,,,,,,,,,,
,,,,,,,,,,,,,,,,,,,,,,,,,
,,,,,,,,,,,,,,,,,,,,,,,,,
,,,,,,,,,,,,,,,,,,,,,,,,,
,,,,,,,,,,,,,,,,,,,,,,,,,
,,,,,,,,,,,,,,,,,,,,,,,,,
,,,,,,,,,,,,,,,,,,,,,,,,,
,,,,,,,,,,,,,,,,,,,,,,,,,
,,,,,,,,,,,,,,,,,,,,,,,,,
,,,,,,,,,,,,,,,,,,,,,,,,,
,,,,,,,,,,,,,,,,,,,,,,,,,
,,,,,,,,,,,,,,,,,,,,,,,,,
,,,,,,,,,,,,,,,,,,,,,,,,,
,,,,,,,,,,,,,,,,,,,,,,,,,
,,,,,,,,,,,,,,,,,,,,,,,,,
,,,,,,,,,,,,,,,,,,,,,,,,,
,,,,,,,,,,,,,,,,,,,,,,,,,
,,,,,,,,,,,,,,,,,,,,,,,,,
,,,,,,,,,,,,,,,,,,,,,,,,,
,,,,,,,,,,,,,,,,,,,,,,,,,
,,,,,,,,,,,,,,,,,,,,,,,,,
,,,,,,,,,,,,,,,,,,,,,,,,,
,,,,,,,,,,,,,,,,,,,,,,,,,
,,,,,,,,,,,,,,,,,,,,,,,,,
,,,,,,,,,,,,,,,,,,,,,,,,,
,,,,,,,,,,,,,,,,,,,,,,,,,
,,,,,,,,,,,,,,,,,,,,,,,,,
,,,,,,,,,,,,,,,,,,,,,,,,,
,,,,,,,,,,,,,,,,,,,,,,,,,
,,,,,,,,,,,,,,,,,,,,,,,,,
,,,,,,,,,,,,,,,,,,,,,,,,,
,,,,,,,,,,,,,,,,,,,,,,,,,
,,,,,,,,,,,,,,,,,,,,,,,,,
,,,,,,,,,,,,,,,,,,,,,,,,,
,,,,,,,,,,,,,,,,,,,,,,,,,
,,,,,,,,,,,,,,,,,,,,,,,,,
,,,,,,,,,,,,,,,,,,,,,,,,,
,,,,,,,,,,,,,,,,,,,,,,,,,
,,,,,,,,,,,,,,,,,,,,,,,,,
,,,,,,,,,,,,,,,,,,,,,,,,,
,,,,,,,,,,,,,,,,,,,,,,,,,
,,,,,,,,,,,,,,,,,,,,,,,,,
,,,,,,,,,,,,,,,,,,,,,,,,,
,,,,,,,,,,,,,,,,,,,,,,,,,
,,,,,,,,,,,,,,,,,,,,,,,,,
,,,,,,,,,,,,,,,,,,,,,,,,,
,,,,,,,,,,,,,,,,,,,,,,,,,
,,,,,,,,,,,,,,,,,,,,,,,,,
,,,,,,,,,,,,,,,,,,,,,,,,,
,,,,,,,,,,,,,,,,,,,,,,,,,
,,,,,,,,,,,,,,,,,,,,,,,,,
,,,,,,,,,,,,,,,,,,,,,,,,,
,,,,,,,,,,,,,,,,,,,,,,,,,
,,,,,,,,,,,,,,,,,,,,,,,,,
,,,,,,,,,,,,,,,,,,,,,,,,,
,,,,,,,,,,,,,,,,,,,,,,,,,
,,,,,,,,,,,,,,,,,,,,,,,,,
,,,,,,,,,,,,,,,,,,,,,,,,,
,,,,,,,,,,,,,,,,,,,,,,,,,
,,,,,,,,,,,,,,,,,,,,,,,,,
,,,,,,,,,,,,,,,,,,,,,,,,,
,,,,,,,,,,,,,,,,,,,,,,,,,
,,,,,,,,,,,,,,,,,,,,,,,,,
,,,,,,,,,,,,,,,,,,,,,,,,,
,,,,,,,,,,,,,,,,,,,,,,,,,
,,,,,,,,,,,,,,,,,,,,,,,,,
,,,,,,,,,,,,,,,,,,,,,,,,,
,,,,,,,,,,,,,,,,,,,,,,,,,
,,,,,,,,,,,,,,,,,,,,,,,,,
,,,,,,,,,,,,,,,,,,,,,,,,,
,,,,,,,,,,,,,,,,,,,,,,,,,
,,,,,,,,,,,,,,,,,,,,,,,,,
,,,,,,,,,,,,,,,,,,,,,,,,,
,,,,,,,,,,,,,,,,,,,,,,,,,
,,,,,,,,,,,,,,,,,,,,,,,,,
,,,,,,,,,,,,,,,,,,,,,,,,,
,,,,,,,,,,,,,,,,,,,,,,,,,
,,,,,,,,,,,,,,,,,,,,,,,,,
,,,,,,,,,,,,,,,,,,,,,,,,,
,,,,,,,,,,,,,,,,,,,,,,,,,
,,,,,,,,,,,,,,,,,,,,,,,,,
,,,,,,,,,,,,,,,,,,,,,,,,,
,,,,,,,,,,,,,,,,,,,,,,,,,
,,,,,,,,,,,,,,,,,,,,,,,,,
,,,,,,,,,,,,,,,,,,,,,,,,,
,,,,,,,,,,,,,,,,,,,,,,,,,
,,,,,,,,,,,,,,,,,,,,,,,,,
,,,,,,,,,,,,,,,,,,,,,,,,,
,,,,,,,,,,,,,,,,,,,,,,,,,
,,,,,,,,,,,,,,,,,,,,,,,,,
,,,,,,,,,,,,,,,,,,,,,,,,,
,,,,,,,,,,,,,,,,,,,,,,,,,
,,,,,,,,,,,,,,,,,,,,,,,,,
,,,,,,,,,,,,,,,,,,,,,,,,,
,,,,,,,,,,,,,,,,,,,,,,,,,
,,,,,,,,,,,,,,,,,,,,,,,,,
,,,,,,,,,,,,,,,,,,,,,,,,,
,,,,,,,,,,,,,,,,,,,,,,,,,
,,,,,,,,,,,,,,,,,,,,,,,,,
,,,,,,,,,,,,,,,,,,,,,,,,,
,,,,,,,,,,,,,,,,,,,,,,,,,
,,,,,,,,,,,,,,,,,,,,,,,,,
,,,,,,,,,,,,,,,,,,,,,,,,,
,,,,,,,,,,,,,,,,,,,,,,,,,
,,,,,,,,,,,,,,,,,,,,,,,,,
,,,,,,,,,,,,,,,,,,,,,,,,,
,,,,,,,,,,,,,,,,,,,,,,,,,
,,,,,,,,,,,,,,,,,,,,,,,,,
,,,,,,,,,,,,,,,,,,,,,,,,,
,,,,,,,,,,,,,,,,,,,,,,,,,
,,,,,,,,,,,,,,,,,,,,,,,,,
,,,,,,,,,,,,,,,,,,,,,,,,,
,,,,,,,,,,,,,,,,,,,,,,,,,
,,,,,,,,,,,,,,,,,,,,,,,,,
,,,,,,,,,,,,,,,,,,,,,,,,,
,,,,,,,,,,,,,,,,,,,,,,,,,
,,,,,,,,,,,,,,,,,,,,,,,,,
,,,,,,,,,,,,,,,,,,,,,,,,,
,,,,,,,,,,,,,,,,,,,,,,,,,
,,,,,,,,,,,,,,,,,,,,,,,,,
,,,,,,,,,,,,,,,,,,,,,,,,,
,,,,,,,,,,,,,,,,,,,,,,,,,
,,,,,,,,,,,,,,,,,,,,,,,,,
,,,,,,,,,,,,,,,,,,,,,,,,,
,,,,,,,,,,,,,,,,,,,,,,,,,
,,,,,,,,,,,,,,,,,,,,,,,,,
,,,,,,,,,,,,,,,,,,,,,,,,,
,,,,,,,,,,,,,,,,,,,,,,,,,
,,,,,,,,,,,,,,,,,,,,,,,,,
,,,,,,,,,,,,,,,,,,,,,,,,,
,,,,,,,,,,,,,,,,,,,,,,,,,
,,,,,,,,,,,,,,,,,,,,,,,,,
,,,,,,,,,,,,,,,,,,,,,,,,,
,,,,,,,,,,,,,,,,,,,,,,,,,
,,,,,,,,,,,,,,,,,,,,,,,,,
,,,,,,,,,,,,,,,,,,,,,,,,,
,,,,,,,,,,,,,,,,,,,,,,,,,
,,,,,,,,,,,,,,,,,,,,,,,,,
,,,,,,,,,,,,,,,,,,,,,,,,,
,,,,,,,,,,,,,,,,,,,,,,,,,
,,,,,,,,,,,,,,,,,,,,,,,,,
,,,,,,,,,,,,,,,,,,,,,,,,,
,,,,,,,,,,,,,,,,,,,,,,,,,
,,,,,,,,,,,,,,,,,,,,,,,,,
,,,,,,,,,,,,,,,,,,,,,,,,,
,,,,,,,,,,,,,,,,,,,,,,,,,
,,,,,,,,,,,,,,,,,,,,,,,,,
,,,,,,,,,,,,,,,,,,,,,,,,,
,,,,,,,,,,,,,,,,,,,,,,,,,
,,,,,,,,,,,,,,,,,,,,,,,,,
,,,,,,,,,,,,,,,,,,,,,,,,,
,,,,,,,,,,,,,,,,,,,,,,,,,
,,,,,,,,,,,,,,,,,,,,,,,,,
,,,,,,,,,,,,,,,,,,,,,,,,,
,,,,,,,,,,,,,,,,,,,,,,,,,
,,,,,,,,,,,,,,,,,,,,,,,,,
,,,,,,,,,,,,,,,,,,,,,,,,,
,,,,,,,,,,,,,,,,,,,,,,,,,
,,,,,,,,,,,,,,,,,,,,,,,,,
,,,,,,,,,,,,,,,,,,,,,,,,,
,,,,,,,,,,,,,,,,,,,,,,,,,
,,,,,,,,,,,,,,,,,,,,,,,,,
,,,,,,,,,,,,,,,,,,,,,,,,,
,,,,,,,,,,,,,,,,,,,,,,,,,
,,,,,,,,,,,,,,,,,,,,,,,,,
,,,,,,,,,,,,,,,,,,,,,,,,,
,,,,,,,,,,,,,,,,,,,,,,,,,
,,,,,,,,,,,,,,,,,,,,,,,,,
,,,,,,,,,,,,,,,,,,,,,,,,,
,,,,,,,,,,,,,,,,,,,,,,,,,
,,,,,,,,,,,,,,,,,,,,,,,,,
,,,,,,,,,,,,,,,,,,,,,,,,,
,,,,,,,,,,,,,,,,,,,,,,,,,
,,,,,,,,,,,,,,,,,,,,,,,,,
,,,,,,,,,,,,,,,,,,,,,,,,,
,,,,,,,,,,,,,,,,,,,,,,,,,
,,,,,,,,,,,,,,,,,,,,,,,,,
,,,,,,,,,,,,,,,,,,,,,,,,,
,,,,,,,,,,,,,,,,,,,,,,,,,
,,,,,,,,,,,,,,,,,,,,,,,,,
,,,,,,,,,,,,,,,,,,,,,,,,,
,,,,,,,,,,,,,,,,,,,,,,,,,
,,,,,,,,,,,,,,,,,,,,,,,,,
,,,,,,,,,,,,,,,,,,,,,,,,,
,,,,,,,,,,,,,,,,,,,,,,,,,
,,,,,,,,,,,,,,,,,,,,,,,,,
,,,,,,,,,,,,,,,,,,,,,,,,,
,,,,,,,,,,,,,,,,,,,,,,,,,
,,,,,,,,,,,,,,,,,,,,,,,,,
,,,,,,,,,,,,,,,,,,,,,,,,,
,,,,,,,,,,,,,,,,,,,,,,,,,
,,,,,,,,,,,,,,,,,,,,,,,,,
,,,,,,,,,,,,,,,,,,,,,,,,,
,,,,,,,,,,,,,,,,,,,,,,,,,
,,,,,,,,,,,,,,,,,,,,,,,,,
,,,,,,,,,,,,,,,,,,,,,,,,,
,,,,,,,,,,,,,,,,,,,,,,,,,
,,,,,,,,,,,,,,,,,,,,,,,,,
,,,,,,,,,,,,,,,,,,,,,,,,,
,,,,,,,,,,,,,,,,,,,,,,,,,
,,,,,,,,,,,,,,,,,,,,,,,,,
,,,,,,,,,,,,,,,,,,,,,,,,,
,,,,,,,,,,,,,,,,,,,,,,,,,
,,,,,,,,,,,,,,,,,,,,,,,,,
,,,,,,,,,,,,,,,,,,,,,,,,,
,,,,,,,,,,,,,,,,,,,,,,,,,
,,,,,,,,,,,,,,,,,,,,,,,,,
,,,,,,,,,,,,,,,,,,,,,,,,,
,,,,,,,,,,,,,,,,,,,,,,,,,
,,,,,,,,,,,,,,,,,,,,,,,,,
,,,,,,,,,,,,,,,,,,,,,,,,,
,,,,,,,,,,,,,,,,,,,,,,,,,
,,,,,,,,,,,,,,,,,,,,,,,,,
,,,,,,,,,,,,,,,,,,,,,,,,,
,,,,,,,,,,,,,,,,,,,,,,,,,
,,,,,,,,,,,,,,,,,,,,,,,,,
,,,,,,,,,,,,,,,,,,,,,,,,,
,,,,,,,,,,,,,,,,,,,,,,,,,
,,,,,,,,,,,,,,,,,,,,,,,,,
,,,,,,,,,,,,,,,,,,,,,,,,,
,,,,,,,,,,,,,,,,,,,,,,,,,
,,,,,,,,,,,,,,,,,,,,,,,,,
,,,,,,,,,,,,,,,,,,,,,,,,,
,,,,,,,,,,,,,,,,,,,,,,,,,
,,,,,,,,,,,,,,,,,,,,,,,,,
,,,,,,,,,,,,,,,,,,,,,,,,,
,,,,,,,,,,,,,,,,,,,,,,,,,
,,,,,,,,,,,,,,,,,,,,,,,,,
,,,,,,,,,,,,,,,,,,,,,,,,,
,,,,,,,,,,,,,,,,,,,,,,,,,
,,,,,,,,,,,,,,,,,,,,,,,,,
,,,,,,,,,,,,,,,,,,,,,,,,,
,,,,,,,,,,,,,,,,,,,,,,,,,
,,,,,,,,,,,,,,,,,,,,,,,,,
,,,,,,,,,,,,,,,,,,,,,,,,,
,,,,,,,,,,,,,,,,,,,,,,,,,
,,,,,,,,,,,,,,,,,,,,,,,,,
,,,,,,,,,,,,,,,,,,,,,,,,,
,,,,,,,,,,,,,,,,,,,,,,,,,
,,,,,,,,,,,,,,,,,,,,,,,,,
,,,,,,,,,,,,,,,,,,,,,,,,,
,,,,,,,,,,,,,,,,,,,,,,,,,
,,,,,,,,,,,,,,,,,,,,,,,,,
,,,,,,,,,,,,,,,,,,,,,,,,,
,,,,,,,,,,,,,,,,,,,,,,,,,
,,,,,,,,,,,,,,,,,,,,,,,,,
,,,,,,,,,,,,,,,,,,,,,,,,,
,,,,,,,,,,,,,,,,,,,,,,,,,
,,,,,,,,,,,,,,,,,,,,,,,,,
,,,,,,,,,,,,,,,,,,,,,,,,,
,,,,,,,,,,,,,,,,,,,,,,,,,
,,,,,,,,,,,,,,,,,,,,,,,,,
,,,,,,,,,,,,,,,,,,,,,,,,,
,,,,,,,,,,,,,,,,,,,,,,,,,
,,,,,,,,,,,,,,,,,,,,,,,,,
,,,,,,,,,,,,,,,,,,,,,,,,,
,,,,,,,,,,,,,,,,,,,,,,,,,
,,,,,,,,,,,,,,,,,,,,,,,,,
,,,,,,,,,,,,,,,,,,,,,,,,,
,,,,,,,,,,,,,,,,,,,,,,,,,
,,,,,,,,,,,,,,,,,,,,,,,,,
,,,,,,,,,,,,,,,,,,,,,,,,,
,,,,,,,,,,,,,,,,,,,,,,,,,
,,,,,,,,,,,,,,,,,,,,,,,,,
,,,,,,,,,,,,,,,,,,,,,,,,,
,,,,,,,,,,,,,,,,,,,,,,,,,
,,,,,,,,,,,,,,,,,,,,,,,,,
,,,,,,,,,,,,,,,,,,,,,,,,,
,,,,,,,,,,,,,,,,,,,,,,,,,
,,,,,,,,,,,,,,,,,,,,,,,,,
,,,,,,,,,,,,,,,,,,,,,,,,,
,,,,,,,,,,,,,,,,,,,,,,,,,
,,,,,,,,,,,,,,,,,,,,,,,,,
,,,,,,,,,,,,,,,,,,,,,,,,,
,,,,,,,,,,,,,,,,,,,,,,,,,
,,,,,,,,,,,,,,,,,,,,,,,,,
,,,,,,,,,,,,,,,,,,,,,,,,,
,,,,,,,,,,,,,,,,,,,,,,,,,
,,,,,,,,,,,,,,,,,,,,,,,,,
,,,,,,,,,,,,,,,,,,,,,,,,,
,,,,,,,,,,,,,,,,,,,,,,,,,
,,,,,,,,,,,,,,,,,,,,,,,,,
,,,,,,,,,,,,,,,,,,,,,,,,,
,,,,,,,,,,,,,,,,,,,,,,,,,
,,,,,,,,,,,,,,,,,,,,,,,,,
,,,,,,,,,,,,,,,,,,,,,,,,,
,,,,,,,,,,,,,,,,,,,,,,,,,
,,,,,,,,,,,,,,,,,,,,,,,,,
,,,,,,,,,,,,,,,,,,,,,,,,,
,,,,,,,,,,,,,,,,,,,,,,,,,
,,,,,,,,,,,,,,,,,,,,,,,,,
,,,,,,,,,,,,,,,,,,,,,,,,,
,,,,,,,,,,,,,,,,,,,,,,,,,
,,,,,,,,,,,,,,,,,,,,,,,,,
,,,,,,,,,,,,,,,,,,,,,,,,,
,,,,,,,,,,,,,,,,,,,,,,,,,
,,,,,,,,,,,,,,,,,,,,,,,,,
,,,,,,,,,,,,,,,,,,,,,,,,,
,,,,,,,,,,,,,,,,,,,,,,,,,
,,,,,,,,,,,,,,,,,,,,,,,,,
,,,,,,,,,,,,,,,,,,,,,,,,,
,,,,,,,,,,,,,,,,,,,,,,,,,
,,,,,,,,,,,,,,,,,,,,,,,,,
,,,,,,,,,,,,,,,,,,,,,,,,,
,,,,,,,,,,,,,,,,,,,,,,,,,
,,,,,,,,,,,,,,,,,,,,,,,,,
,,,,,,,,,,,,,,,,,,,,,,,,,
,,,,,,,,,,,,,,,,,,,,,,,,,
,,,,,,,,,,,,,,,,,,,,,,,,,
,,,,,,,,,,,,,,,,,,,,,,,,,
,,,,,,,,,,,,,,,,,,,,,,,,,
,,,,,,,,,,,,,,,,,,,,,,,,,
,,,,,,,,,,,,,,,,,,,,,,,,,
,,,,,,,,,,,,,,,,,,,,,,,,,
,,,,,,,,,,,,,,,,,,,,,,,,,
,,,,,,,,,,,,,,,,,,,,,,,,,
,,,,,,,,,,,,,,,,,,,,,,,,,
,,,,,,,,,,,,,,,,,,,,,,,,,
,,,,,,,,,,,,,,,,,,,,,,,,,
,,,,,,,,,,,,,,,,,,,,,,,,,
,,,,,,,,,,,,,,,,,,,,,,,,,
,,,,,,,,,,,,,,,,,,,,,,,,,
,,,,,,,,,,,,,,,,,,,,,,,,,
,,,,,,,,,,,,,,,,,,,,,,,,,
,,,,,,,,,,,,,,,,,,,,,,,,,
,,,,,,,,,,,,,,,,,,,,,,,,,
,,,,,,,,,,,,,,,,,,,,,,,,,
,,,,,,,,,,,,,,,,,,,,,,,,,
,,,,,,,,,,,,,,,,,,,,,,,,,
,,,,,,,,,,,,,,,,,,,,,,,,,
,,,,,,,,,,,,,,,,,,,,,,,,,
,,,,,,,,,,,,,,,,,,,,,,,,,
,,,,,,,,,,,,,,,,,,,,,,,,,
,,,,,,,,,,,,,,,,,,,,,,,,,
,,,,,,,,,,,,,,,,,,,,,,,,,
,,,,,,,,,,,,,,,,,,,,,,,,,
,,,,,,,,,,,,,,,,,,,,,,,,,
,,,,,,,,,,,,,,,,,,,,,,,,,
,,,,,,,,,,,,,,,,,,,,,,,,,
,,,,,,,,,,,,,,,,,,,,,,,,,
,,,,,,,,,,,,,,,,,,,,,,,,,
,,,,,,,,,,,,,,,,,,,,,,,,,
,,,,,,,,,,,,,,,,,,,,,,,,,
,,,,,,,,,,,,,,,,,,,,,,,,,
,,,,,,,,,,,,,,,,,,,,,,,,,
,,,,,,,,,,,,,,,,,,,,,,,,,
,,,,,,,,,,,,,,,,,,,,,,,,,
,,,,,,,,,,,,,,,,,,,,,,,,,
,,,,,,,,,,,,,,,,,,,,,,,,,
,,,,,,,,,,,,,,,,,,,,,,,,,
,,,,,,,,,,,,,,,,,,,,,,,,,
,,,,,,,,,,,,,,,,,,,,,,,,,
,,,,,,,,,,,,,,,,,,,,,,,,,
,,,,,,,,,,,,,,,,,,,,,,,,,
,,,,,,,,,,,,,,,,,,,,,,,,,
,,,,,,,,,,,,,,,,,,,,,,,,,
,,,,,,,,,,,,,,,,,,,,,,,,,
,,,,,,,,,,,,,,,,,,,,,,,,,
,,,,,,,,,,,,,,,,,,,,,,,,,